<?xml version="1.0" encoding="UTF-8"?><CodeSystem xmlns="http://hl7.org/fhir"><id value="NdhFhirEndpointUseCaseCS"/><text><status value="generated"/><div xmlns="http://www.w3.org/1999/xhtml"><p>This case-sensitive code system <code>http://hl7.org/fhir/us/davinci-pdex/CodeSystem/NdhFhirEndpointUseCaseCS</code> defines the following codes:</p><table class="codes"><tr><td style="white-space:nowrap"><b>Code</b></td><td><b>Display</b></td><td><b>Definition</b></td></tr><tr><td style="white-space:nowrap">cdex<a name="NdhFhirEndpointUseCaseCS-cdex"> </a></td><td>CDex</td><td>Clinical Data Exchange</td></tr><tr><td style="white-space:nowrap">patientAccess<a name="NdhFhirEndpointUseCaseCS-patientAccess"> </a></td><td>Patient Access</td><td>Patient Access</td></tr><tr><td style="white-space:nowrap">pasOperation<a name="NdhFhirEndpointUseCaseCS-pasOperation"> </a></td><td>PAS Operation</td><td>PAS Operation</td></tr><tr><td style="white-space:nowrap">payerAttachment<a name="NdhFhirEndpointUseCaseCS-payerAttachment"> </a></td><td>Payer Attachment</td><td>Payer Attachment</td></tr><tr><td style="white-space:nowrap">payerToPayer<a name="NdhFhirEndpointUseCaseCS-payerToPayer"> </a></td><td>Payer to Payer</td><td>Payer to Payer</td></tr><tr><td style="white-space:nowrap">providerApi<a name="NdhFhirEndpointUseCaseCS-providerApi"> </a></td><td>Provider API</td><td>Provider API</td></tr></table></div></text><extension url="http://hl7.org/fhir/StructureDefinition/structuredefinition-wg"><valueCode value="fm"/></extension><url value="http://hl7.org/fhir/us/davinci-pdex/CodeSystem/NdhFhirEndpointUseCaseCS"/><version value="2.0.0"/><name value="NdhFhirEndpointUseCaseCS"/><title value="NDH FHIR Endpoint Use Case Code System"/><status value="draft"/><experimental value="false"/><date value="2024-01-04T12:52:42-05:00"/><publisher value="HL7 International / Financial Management"/><contact><name value="HL7 International / Financial Management"/><telecom><system value="url"/><value value="http://www.hl7.org/Special/committees/fm"/></telecom><telecom><system value="email"/><value value="fm@lists.HL7.org"/></telecom></contact><contact><name value="Mark Scrimshire (mark.scrimshire@onyxhealth.io)"/><telecom><system value="email"/><value value="mailto:mark.scrimshire@onyxhealth.io"/></telecom></contact><contact><name value="HL7 International - Financial Management"/><telecom><system value="url"/><value value="http://www.hl7.org/Special/committees/fm"/></telecom></contact><description value="NDH FHIR Endpoint Use Case"/><jurisdiction><coding><system value="urn:iso:std:iso:3166"/><code value="US"/><display value="United States of America"/></coding></jurisdiction><caseSensitive value="true"/><content value="complete"/><count value="6"/><concept><code value="cdex"/><display value="CDex"/><definition value="Clinical Data Exchange"/></concept><concept><code value="patientAccess"/><display value="Patient Access"/><definition value="Patient Access"/></concept><concept><code value="pasOperation"/><display value="PAS Operation"/><definition value="PAS Operation"/></concept><concept><code value="payerAttachment"/><display value="Payer Attachment"/><definition value="Payer Attachment"/></concept><concept><code value="payerToPayer"/><display value="Payer to Payer"/><definition value="Payer to Payer"/></concept><concept><code value="providerApi"/><display value="Provider API"/><definition value="Provider API"/></concept></CodeSystem>