<?xml version="1.0" encoding="UTF-8"?><CodeSystem xmlns="http://hl7.org/fhir"><id value="NdhAssociatedServersTypeCS"/><text><status value="generated"/><div xmlns="http://www.w3.org/1999/xhtml"><p>This case-sensitive code system <code>http://hl7.org/fhir/us/davinci-pdex/CodeSystem/NdhAssociatedServersTypeCS</code> defines the following codes:</p><table class="codes"><tr><td style="white-space:nowrap"><b>Code</b></td><td><b>Display</b></td><td><b>Definition</b></td></tr><tr><td style="white-space:nowrap">proxy-server<a name="NdhAssociatedServersTypeCS-proxy-server"> </a></td><td>Proxy Server</td><td>Proxy Server</td></tr><tr><td style="white-space:nowrap">indentity-provider-server<a name="NdhAssociatedServersTypeCS-indentity-provider-server"> </a></td><td>Identity Provider Server</td><td>Identity Provider Server</td></tr><tr><td style="white-space:nowrap">record-locator-service-server<a name="NdhAssociatedServersTypeCS-record-locator-service-server"> </a></td><td>Record Locator Service Server</td><td>Record Locator Service Server</td></tr><tr><td style="white-space:nowrap">master-patient-index-server<a name="NdhAssociatedServersTypeCS-master-patient-index-server"> </a></td><td>Master Patient Index (MPI) Server</td><td>Master Patient Index (MPI) Server</td></tr><tr><td style="white-space:nowrap">authorization-authentication-server<a name="NdhAssociatedServersTypeCS-authorization-authentication-server"> </a></td><td>Authorization/Authentication Server</td><td>Authorization/Authentication Server</td></tr><tr><td style="white-space:nowrap">authorization-registration-server<a name="NdhAssociatedServersTypeCS-authorization-registration-server"> </a></td><td>Authorization/Registration Server</td><td>Authorization/Registration Server</td></tr></table></div></text><extension url="http://hl7.org/fhir/StructureDefinition/structuredefinition-wg"><valueCode value="fm"/></extension><url value="http://hl7.org/fhir/us/davinci-pdex/CodeSystem/NdhAssociatedServersTypeCS"/><version value="2.0.0"/><name value="NdhAssociatedServersTypeCS"/><title value="NDH Associated Servers Type Code System"/><status value="draft"/><experimental value="false"/><date value="2024-01-04T18:53:48-05:00"/><publisher value="HL7 International / Financial Management"/><contact><name value="HL7 International / Financial Management"/><telecom><system value="url"/><value value="http://www.hl7.org/Special/committees/fm"/></telecom><telecom><system value="email"/><value value="fm@lists.HL7.org"/></telecom></contact><contact><name value="Mark Scrimshire (mark.scrimshire@onyxhealth.io)"/><telecom><system value="email"/><value value="mailto:mark.scrimshire@onyxhealth.io"/></telecom></contact><contact><name value="HL7 International - Financial Management"/><telecom><system value="url"/><value value="http://www.hl7.org/Special/committees/fm"/></telecom></contact><description value="NDH Associated Servers Type"/><jurisdiction><coding><system value="urn:iso:std:iso:3166"/><code value="US"/><display value="United States of America"/></coding></jurisdiction><caseSensitive value="true"/><content value="complete"/><count value="6"/><concept><code value="proxy-server"/><display value="Proxy Server"/><definition value="Proxy Server"/></concept><concept><code value="indentity-provider-server"/><display value="Identity Provider Server"/><definition value="Identity Provider Server"/></concept><concept><code value="record-locator-service-server"/><display value="Record Locator Service Server"/><definition value="Record Locator Service Server"/></concept><concept><code value="master-patient-index-server"/><display value="Master Patient Index (MPI) Server"/><definition value="Master Patient Index (MPI) Server"/></concept><concept><code value="authorization-authentication-server"/><display value="Authorization/Authentication Server"/><definition value="Authorization/Authentication Server"/></concept><concept><code value="authorization-registration-server"/><display value="Authorization/Registration Server"/><definition value="Authorization/Registration Server"/></concept></CodeSystem>