<?xml version="1.0" encoding="UTF-8"?><ImplementationGuide xmlns="http://hl7.org/fhir"><id value="hl7.fhir.us.davinci-pdex-1.0.0"/><meta><versionId value="272"/><lastUpdated value="2019-06-17T11:24:39.000-04:00"/><security><system value="https://trifolia-fhir.lantanagroup.com/security"/><code value="everyone^read"/></security><security><system value="https://trifolia-fhir.lantanagroup.com/security"/><code value="everyone^write"/></security></meta><text><status value="generated"/><div xmlns="http://www.w3.org/1999/xhtml"><h2>DaVinciPayerDataExchange</h2><p>The official URL for this implementation guide is: </p><pre>http://hl7.org/fhir/us/davinci-pdex/ImplementationGuide/davinci-pdex</pre><div><p>This specification is currently undergoing ballot and connectathon testing. It is expected to evolve, possibly significantly, as part of that process.
Feedback is welcome and may be submitted through the FHIR gForge tracker indicating US Da Vinci PDex as the specification. If balloting on this IG, please submit your comments via the tracker and just reference them in your ballot submission implementation guide.</p>
<p><a href="https://confluence.hl7.org/display/FM/Financial+Management+Home">Financial Management</a> is the Sponsoring Work Group for this Implementation Guide.</p>
<p><strong>The Payer Data Exchange (PDex) Implementation Guide (IG) is provided for Payers/Health Plans to enable them to create a Member&#39;s Health History using clinical resources (based on US Core Profiles based on FHIR R4) which can be understood by providers and, if they choose to, committed to their Electronic Medical Records (EMR) System.</strong></p>
<p>This IG uses the same Member Health History &quot;payload&quot; for member-authorized exchange of information with other Health Plans and with Third-Party Applications. It describes the interaction patters that, when followed, allow the various parties involved in managing healthcare and payer data to more easily integrate and exchange data securely and effectively.</p>
<p>This IG covers the exchange of:</p>
<ul>
<li>Claims-based information</li>
<li>Clinical Information (such as Lab Results, Allergies and Conditions)</li>
</ul>
<p>This IG covers the exchange of this information using US Core and Da Vinci Health Record Exchange (HRex) Profiles. This superset of clinical profiles forms the Health Plan Member&#39;s Health History.</p>
<p>This IG covers the exchange of a Member&#39;s Health History in the following scenarios:</p>
<ul>
<li>Provider requested Provider-Health Plan Exchange using CDS-Hooks and SMART-on-FHIR</li>
<li>Member-authorized Health Plan to Health Plan exchange</li>
<li>Member-authorized Health Plan to Third-Party Application exchange</li>
</ul>
<p>The latter two scenarios are provided to meet the requirements identified in the CMS Interoperability Notice for Proposed Rule Making issued on February 11, 2019.</p>
<p><strong>There are items in this guide that are subject to update</strong>. This includes:</p>
<ul>
<li>Value Sets</li>
<li>Vocabularies (X12, NUBC etc.)</li>
<li>Examples</li>
</ul>
<p><strong>The Vocabulary, Value Sets and codings used to express data in this IG are subject to review and will be reconciled with</strong>  <a href="http://www.x12.org">X12</a>.</p>
<p>See the <a href="toc.html">Table of Contents</a> for more information.</p>
<h4>Latest Changes</h4>
<ul>
<li>(270) reformat section 2-1</li>
<li>(269) Fix corrupted section 2-1</li>
<li>(266) Add remaining previous/next links to narrative</li>
<li>(255) Adding Previous / Next Page Links to narrative thru section 3</li>
<li>(254) Add CDS Hooks Justification, revisions per review comments.</li>
<li>(245) Add section 4-8 sub-content links</li>
<li>(243) Add FM as sponsoring workgroup to description</li>
<li>(241) Section 3 sub-content link</li>
<li>(238) Section 3 content links</li>
<li>(235) Section 2 content links</li>
<li>(234) Updating Capability Statement Page</li>
<li>(228) Add MedicationDispense</li>
<li>(221) Fix relative links</li>
<li>(207) Data mapping updates.</li>
<li>(204) Image updates. Minor changes through 3-5.</li>
<li>(200) Added to section 7. Updated OAuth2.0 Member-authorized exchange diagram</li>
</ul>
</div></div></text><url value="http://hl7.org/fhir/us/davinci-pdex/ImplementationGuide/davinci-pdex"/><version value="1.0.0"/><name value="DaVinciPayerDataExchange"/><title value="Da Vinci Payer Data exchange"/><status value="draft"/><publisher value="HL7 Da Vinci"/><contact><name value="Mark Scrimshire (mark@ekivemark.com)"/></contact><description value="This specification is currently undergoing ballot and connectathon testing. It is expected to evolve, possibly significantly, as part of that process.&#xA;Feedback is welcome and may be submitted through the FHIR gForge tracker indicating US Da Vinci PDex as the specification. If balloting on this IG, please submit your comments via the tracker and just reference them in your ballot submission implementation guide.&#xA;&#xA;[Financial Management](https://confluence.hl7.org/display/FM/Financial+Management+Home) is the Sponsoring Work Group for this Implementation Guide.&#xA;&#xA;**The Payer Data Exchange (PDex) Implementation Guide (IG) is provided for Payers/Health Plans to enable them to create a Member&#39;s Health History using clinical resources (based on US Core Profiles based on FHIR R4) which can be understood by providers and, if they choose to, committed to their Electronic Medical Records (EMR) System.**&#xA;&#xA;This IG uses the same Member Health History &quot;payload&quot; for member-authorized exchange of information with other Health Plans and with Third-Party Applications. It describes the interaction patters that, when followed, allow the various parties involved in managing healthcare and payer data to more easily integrate and exchange data securely and effectively.&#xA;&#xA;This IG covers the exchange of:&#xA;- Claims-based information&#xA;- Clinical Information (such as Lab Results, Allergies and Conditions)&#xA;&#xA;This IG covers the exchange of this information using US Core and Da Vinci Health Record Exchange (HRex) Profiles. This superset of clinical profiles forms the Health Plan Member&#39;s Health History. &#xA;&#xA;This IG covers the exchange of a Member&#39;s Health History in the following scenarios:&#xA;- Provider requested Provider-Health Plan Exchange using CDS-Hooks and SMART-on-FHIR&#xA;- Member-authorized Health Plan to Health Plan exchange&#xA;- Member-authorized Health Plan to Third-Party Application exchange&#xA;&#xA;The latter two scenarios are provided to meet the requirements identified in the CMS Interoperability Notice for Proposed Rule Making issued on February 11, 2019.&#xA;&#xA;**There are items in this guide that are subject to update**. This includes:&#xA;- Value Sets&#xA;- Vocabularies (X12, NUBC etc.)&#xA;- Examples&#xA;&#xA;**The Vocabulary, Value Sets and codings used to express data in this IG are subject to review and will be reconciled with**  [X12](http://www.x12.org).&#xA;&#xA;See the [Table of Contents](toc.html) for more information.&#xA;&#xA;#### Latest Changes&#xA;- (270) reformat section 2-1&#xA;- (269) Fix corrupted section 2-1&#xA;- (266) Add remaining previous/next links to narrative&#xA;- (255) Adding Previous / Next Page Links to narrative thru section 3&#xA;- (254) Add CDS Hooks Justification, revisions per review comments. &#xA;- (245) Add section 4-8 sub-content links&#xA;- (243) Add FM as sponsoring workgroup to description&#xA;- (241) Section 3 sub-content link&#xA;- (238) Section 3 content links&#xA;- (235) Section 2 content links&#xA;- (234) Updating Capability Statement Page&#xA;- (228) Add MedicationDispense&#xA;- (221) Fix relative links&#xA;- (207) Data mapping updates.&#xA;- (204) Image updates. Minor changes through 3-5.&#xA;- (200) Added to section 7. Updated OAuth2.0 Member-authorized exchange diagram&#xA;&#xA;"/><packageId value="hl7.fhir.us.davinci-pdex"/><license value="CC0-1.0"/><fhirVersion value="4.0.0"/><dependsOn><uri value="http://hl7.org/fhir/us/davinci-hrex/ImplementationGuide/davinci-hrex"/><packageId value="hl7.fhir.us.davinci-hrex"/><version value="current"/></dependsOn><dependsOn><uri value="http://hl7.org/fhir/us/core-r4/ImplementationGuide/ig"/><packageId value="hl7.fhir.us.core.r4"/><version value="current"/></dependsOn><definition><resource><extension url="http://hl7.org/fhir/StructureDefinition/implementationguide-page"><valueUri value="StructureDefinition-pdex-medicationdispense.html"/></extension><reference><reference value="StructureDefinition/pdex-medicationdispense"/><display value="PDexMedicationDispense"/></reference><name value="PDexMedicationDispense"/><exampleBoolean value="false"/></resource><page><nameUrl value="toc.md"/><title value="Table of Contents"/><generation value="generated"/><page><nameUrl value="1_Home_Page.html"/><title value="1 Home Page"/><generation value="markdown"/><page><nameUrl value="1-1_Overview.html"/><title value="1-1 Overview"/><generation value="markdown"/></page><page><nameUrl value="1-2_Conventions.html"/><title value="1-2 Conventions"/><generation value="markdown"/></page></page><page><nameUrl value="2_Introduction.html"/><title value="2 Introduction"/><generation value="markdown"/><page><nameUrl value="2-1_Implementation_Guide_Scope.html"/><title value="2-1 Implementation Guide Scope"/><generation value="markdown"/></page><page><nameUrl value="2-2_Member_Consent.html"/><title value="2-2 Member Consent"/><generation value="markdown"/></page><page><nameUrl value="2-3_FHIR.html"/><title value="2-3 FHIR"/><generation value="markdown"/></page><page><nameUrl value="2-4_Supporting_Specifications.html"/><title value="2-4 Supporting Specifications"/><generation value="markdown"/></page><page><nameUrl value="2-5_Implementation_Assumptions.html"/><title value="2-5 Implementation Assumptions"/><generation value="markdown"/></page><page><nameUrl value="2-6_Implementation_Hierarchy_and_Priorities.html"/><title value="2-6 Implementation Hierarchy and Priorities"/><generation value="markdown"/></page><page><nameUrl value="2-7_PDex_Data_Payloads.html"/><title value="2-7 PDex Data Payloads"/><generation value="markdown"/></page></page><page><nameUrl value="3_PDex_Implementation_Actors,_Interactions,_Data_Payloads_and_Methods.html"/><title value="3 PDex Implementation Actors, Interactions, Data Payloads and Methods"/><generation value="markdown"/><page><nameUrl value="3-1_Actors.html"/><title value="3-1 Actors"/><generation value="markdown"/></page><page><nameUrl value="3-2_Exchange_Interactions.html"/><title value="3-2 Exchange Interactions"/><generation value="markdown"/></page><page><nameUrl value="3-3_Data_Payloads.html"/><title value="3-3 Data Payloads"/><generation value="markdown"/></page><page><nameUrl value="3-4_Interaction_Methods.html"/><title value="3-4 Interaction Methods"/><generation value="markdown"/></page><page><nameUrl value="3-5_Interaction_and_Payload_Matrix.html"/><title value="3-5 Interaction and Payload Matrix"/><generation value="markdown"/></page><page><nameUrl value="3-6_Data_Mapping.html"/><title value="3-6 Data Mapping"/><generation value="markdown"/><page><nameUrl value="3-6-1_US_Core_Patient.html"/><title value="3-6-1 US Core Patient"/><generation value="markdown"/></page><page><nameUrl value="3-6-2_Coverage.html"/><title value="3-6-2 Coverage"/><generation value="markdown"/></page><page><nameUrl value="3-6-3_US_Core_Encounter.html"/><title value="3-6-3 US Core Encounter"/><generation value="markdown"/></page><page><nameUrl value="3-6-4_US_Core_Location.html"/><title value="3-6-4 US Core Location"/><generation value="markdown"/></page><page><nameUrl value="3-6-5_MedicationDispense.html"/><title value="3-6-5 MedicationDispense"/><generation value="markdown"/></page><page><nameUrl value="3-6-6_US_Core_Practitioner.html"/><title value="3-6-6 US Core Practitioner"/><generation value="markdown"/></page><page><nameUrl value="3-6-7_US_Core_Procedure.html"/><title value="3-6-7 US Core Procedure"/><generation value="markdown"/></page><page><nameUrl value="3-6-8_US_Core_Condition.html"/><title value="3-6-8 US Core Condition"/><generation value="markdown"/></page><page><nameUrl value="3-6-9_US_Core_AllergyIntolerance.html"/><title value="3-6-9 US Core AllergyIntolerance"/><generation value="markdown"/></page><page><nameUrl value="3-6-10_US_Core_Immunization.html"/><title value="3-6-10 US Core Immunization"/><generation value="markdown"/></page><page><nameUrl value="3-6-11_US_Core_DiagnosticReport.html"/><title value="3-6-11 US Core DiagnosticReport"/><generation value="markdown"/></page><page><nameUrl value="3-6-12_US_Core_Observation.html"/><title value="3-6-12 US Core Observation"/><generation value="markdown"/></page><page><nameUrl value="3-6-13_US_Core_DocumentReference.html"/><title value="3-6-13 US Core DocumentReference"/><generation value="markdown"/></page><page><nameUrl value="3-6-14_US_Core_PractitionerRole.html"/><title value="3-6-14 US Core PractitionerRole"/><generation value="markdown"/></page><page><nameUrl value="3-6-15_US_Core_Device.html"/><title value="3-6-15 US Core Device"/><generation value="markdown"/></page><page><nameUrl value="3-6-16_US_Core_Organization.html"/><title value="3-6-16 US Core Organization"/><generation value="markdown"/></page><page><nameUrl value="3-6-17_US_Core_CarePlan.html"/><title value="3-6-17 US Core CarePlan"/><generation value="markdown"/></page><page><nameUrl value="3-6-18_US_Core_CareTeam.html"/><title value="3-6-18 US Core CareTeam"/><generation value="markdown"/></page><page><nameUrl value="3-6-19_US_Core_Medication.html"/><title value="3-6-19 US Core Medication"/><generation value="markdown"/></page><page><nameUrl value="3-6-20_US_Core_MedicationRequest.html"/><title value="3-6-20 US Core MedicationRequest"/><generation value="markdown"/></page><page><nameUrl value="3-6-21_US_Core_MedicationStatement.html"/><title value="3-6-21 US Core MedicationStatement"/><generation value="markdown"/></page><page><nameUrl value="3-6-22_US_Core_Goal_Profile.html"/><title value="3-6-22 US Core Goal Profile"/><generation value="markdown"/></page></page></page><page><nameUrl value="4_Use_Case_Scenarios.html"/><title value="4 Use Case Scenarios"/><generation value="markdown"/><page><nameUrl value="4-1_Patient_Persona.html"/><title value="4-1 Patient Persona"/><generation value="markdown"/></page><page><nameUrl value="4-2_Useful_Patient_History_for_Providers.html"/><title value="4-2 Useful Patient History for Providers"/><generation value="markdown"/></page></page><page><nameUrl value="5_Provider-controlled_Information_Requests_and_Filtering.html"/><title value="5 Provider-controlled Information Requests and Filtering"/><generation value="markdown"/></page><page><nameUrl value="6_CDS-Hooks.html"/><title value="6 CDS-Hooks"/><generation value="markdown"/><page><nameUrl value="6-1_Support_for_FHIR_R4.html"/><title value="6-1 Support for FHIR R4"/><generation value="markdown"/></page><page><nameUrl value="6-2_Additional_or_Modified_Hooks.html"/><title value="6-2 Additional or Modified Hooks"/><generation value="markdown"/></page><page><nameUrl value="6-3_PDex_Hooks.html"/><title value="6-3 PDex Hooks"/><generation value="markdown"/></page><page><nameUrl value="6-4_Hook_Configuration.html"/><title value="6-4 Hook Configuration"/><generation value="markdown"/></page><page><nameUrl value="6-5_Systems.html"/><title value="6-5 Systems"/><generation value="markdown"/></page><page><nameUrl value="6-6_Workflow_Examples.html"/><title value="6-6 Workflow Examples"/><generation value="markdown"/><page><nameUrl value="6-6-1_First_Visit_with_New_Provider.html"/><title value="6-6-1 First Visit with New Provider"/><generation value="markdown"/></page><page><nameUrl value="6-6-2_Return_Visit_with_Provider.html"/><title value="6-6-2 Return Visit with Provider"/><generation value="markdown"/></page><page><nameUrl value="6-6-3_FHIR_Profiles_and_CDS_Hooks_Context.html"/><title value="6-6-3 FHIR Profiles and CDS Hooks Context"/><generation value="markdown"/></page></page><page><nameUrl value="6-7_Handling_Data_Provenance.html"/><title value="6-7 Handling Data Provenance"/><generation value="markdown"/></page></page><page><nameUrl value="7_Member-Authorized_OAuth2_Exchange.html"/><title value="7 Member-Authorized OAuth2 Exchange"/><generation value="markdown"/></page><page><nameUrl value="8_Credits.html"/><title value="8 Credits"/><generation value="markdown"/></page><page><nameUrl value="capstatements.md.html"/><title value="capstatements.md"/><generation value="markdown"/></page></page></definition></ImplementationGuide>