<?xml version="1.0" encoding="UTF-8"?><SearchParameter xmlns="http://hl7.org/fhir"><id value="pdex-medicationdispense-status"/><text><status value="generated"/><div xmlns="http://www.w3.org/1999/xhtml"><h2>SearchParameter: PdexMedicationdispenseStatus</h2><p><b> description</b> : Status of the dispense prescription<br/>
<em>NOTE</em>: This US Core SearchParameter definition extends the usage context of
<a href="http://hl7.org/fhir/R4/extension-capabilitystatement-expectation.html">capabilitystatement-expectation</a>
 extension to formally express implementer conformance expectations for these elements:<br/>
 - multipleAnd<br/>
 - multipleOr<br/>
 - comparator<br/>
 - modifier<br/>
 - chain<br/>

</p><br/><p><b> id</b> pdex-medicationdispense-status</p><p><b> url</b> : <b> http://hl7.org/fhir/us/davinci-pdex/SearchParameter/pdex-medicationdispense-status</b>
			</p><p><b> version</b> : 4.0.1</p><p><b> name</b> : PdexeMedicationdispenseStatus</p><p><b> derivedFrom</b> : http://hl7.org/fhir/SearchParameter/medications-status
			</p><p><b> status</b> : active</p><p><b> experimental</b>  False</p><p><b> date</b> : 2020-07-01</p><p><b> publisher</b> : HL7 International - Da Vinci Project</p><p><b> contact</b> : http://www.hl7.org/Special/committees/fm</p><p><b> useContext</b> : </p><p><b> jurisdiction</b> : United States of America (the) <span> (Details : {urn:iso:std:iso:3166 code &#39;US&#39; = &#39;United States of America&#39;, given as &#39;United
           States of America (the)&#39;})</span>
			</p>  <!--  <p>
		<b> purpose</b> : Need to search by identifier for various infrastructural cases - mainly retrieving packages,
         and matching as part of a chain</p>  --><p><b> code</b> : <code>status</code>
			</p><p><b> base</b> :MedicationDispense</p><p><b> type</b> : token</p><p><b> expression</b> : <code>MedicationDispense.status</code>
			</p><p><b> xpath</b> : <code>f:MedicationDispense/f:status</code>
			</p><p><b> xpathUsage</b> : normal</p><p><b> multipleOr</b> : True   (Conformance Expectation = SHALL)</p><p><b> multipleAnd</b> : True  ( Conformance Expectation = MAY)</p></div></text><url value="http://hl7.org/fhir/us/davinci-pdex/SearchParameter/pdex-medicationdispense-status"/><version value="1.0.0"/><name value="PdexMedicationDispenseStatus"/><derivedFrom value="http://hl7.org/fhir/SearchParameter/medications-status"/><status value="active"/><experimental value="false"/><date value="2020-07-01T21:51:57.986692Z"/><publisher value="HL7 International - Financial Management"/><contact><name value="Mark Scrimshire (mark.scrimshire@onyxhealth.io)"/><telecom><system value="email"/><value value="mailto:mark@ekivemark.com0"/></telecom></contact><contact><name value="HL7 International - Financial Management"/><telecom><system value="url"/><value value="http://www.hl7.org/Special/committees/fm"/></telecom></contact><description value="Status of the prescription dispense.&#xA;NOTE: This SearchParameter definition extends the usage context of&#xA;[capabilitystatement-expectation](http://hl7.org/fhir/R4/extension-capabilitystatement-expectation.html)&#xA; extension to formally express implementer conformance expectations for these elements:&#xA; - multipleAnd&#xA; - multipleOr&#xA; - comparator&#xA; - modifier&#xA; - chain."/><jurisdiction><coding><system value="urn:iso:std:iso:3166"/><code value="US"/></coding></jurisdiction><code value="status"/><base value="MedicationDispense"/><type value="token"/><expression value="MedicationDispense.status"/><xpath value="f:MedicationDispense/f:status"/><xpathUsage value="normal"/><multipleOr value="true"><extension url="http://hl7.org/fhir/StructureDefinition/capabilitystatement-expectation"><valueCode value="SHALL"/></extension></multipleOr><multipleAnd value="true"><extension url="http://hl7.org/fhir/StructureDefinition/capabilitystatement-expectation"><valueCode value="MAY"/></extension></multipleAnd></SearchParameter>