<?xml version="1.0" encoding="UTF-8"?><ValueSet xmlns="http://hl7.org/fhir"><id value="TrustProfileVS"/><text><status value="generated"/><div xmlns="http://www.w3.org/1999/xhtml"><ul><li>Include all codes defined in <a href="CodeSystem-TrustProfileCS.html"><code>http://hl7.org/fhir/us/davinci-pdex/CodeSystem/TrustProfileCS</code></a></li></ul></div></text><extension url="http://hl7.org/fhir/StructureDefinition/structuredefinition-wg"><valueCode value="fm"/></extension><url value="http://hl7.org/fhir/us/davinci-pdex/ValueSet/TrustProfileVS"/><version value="2.0.0"/><name value="TrustProfileVS"/><title value="Trust Profile Value Set"/><status value="draft"/><experimental value="false"/><date value="2024-01-04T13:27:46-05:00"/><publisher value="HL7 International / Financial Management"/><contact><name value="HL7 International / Financial Management"/><telecom><system value="url"/><value value="http://www.hl7.org/Special/committees/fm"/></telecom><telecom><system value="email"/><value value="fm@lists.HL7.org"/></telecom></contact><contact><name value="Mark Scrimshire (mark.scrimshire@onyxhealth.io)"/><telecom><system value="email"/><value value="mailto:mark.scrimshire@onyxhealth.io"/></telecom></contact><contact><name value="HL7 International - Financial Management"/><telecom><system value="url"/><value value="http://www.hl7.org/Special/committees/fm"/></telecom></contact><description value="Codes for documenting trust profile"/><jurisdiction><coding><system value="urn:iso:std:iso:3166"/><code value="US"/><display value="United States of America"/></coding></jurisdiction><compose><include><system value="http://hl7.org/fhir/us/davinci-pdex/CodeSystem/TrustProfileCS"/></include></compose></ValueSet>