<?xml version="1.0" encoding="UTF-8"?>

<CodeSystem xmlns="http://hl7.org/fhir">
  <id value="NdhVerificationStatusCS"/>
  <text>
    <status value="generated"/><div xmlns="http://www.w3.org/1999/xhtml"><p>This case-sensitive code system <code>http://hl7.org/fhir/us/davinci-pdex/CodeSystem/NdhVerificationStatusCS</code> defines the following codes:</p><table class="codes"><tr><td style="white-space:nowrap"><b>Code</b></td><td><b>Display</b></td><td><b>Definition</b></td></tr><tr><td style="white-space:nowrap">complete<a name="NdhVerificationStatusCS-complete"> </a></td><td>Complete</td><td>Complete</td></tr><tr><td style="white-space:nowrap">incomplete<a name="NdhVerificationStatusCS-incomplete"> </a></td><td>Incomplete</td><td>Incomplete</td></tr><tr><td style="white-space:nowrap">not-required<a name="NdhVerificationStatusCS-not-required"> </a></td><td>Not Required</td><td>Not Required</td></tr></table></div>
  </text>
  <extension url="http://hl7.org/fhir/StructureDefinition/structuredefinition-wg">
    <valueCode value="fm"/>
  </extension>
  <url value="http://hl7.org/fhir/us/davinci-pdex/CodeSystem/NdhVerificationStatusCS"/>
  <version value="2.0.0"/>
  <name value="NdhVerificationStatusCS"/>
  <title value="NDH Resource Instance Verification Status Code System"/>
  <status value="draft"/>
  <experimental value="false"/>
  <date value="2024-01-04T13:27:46-05:00"/>
  <publisher value="HL7 International / Financial Management"/>
  <contact>
    <name value="HL7 International / Financial Management"/>
    <telecom>
      <system value="url"/>
      <value value="http://www.hl7.org/Special/committees/fm"/>
    </telecom>
    <telecom>
      <system value="email"/>
      <value value="fm@lists.HL7.org"/>
    </telecom>
  </contact>
  <contact>
    <name value="Mark Scrimshire (mark.scrimshire@onyxhealth.io)"/>
    <telecom>
      <system value="email"/>
      <value value="mailto:mark.scrimshire@onyxhealth.io"/>
    </telecom>
  </contact>
  <contact>
    <name value="HL7 International - Financial Management"/>
    <telecom>
      <system value="url"/>
      <value value="http://www.hl7.org/Special/committees/fm"/>
    </telecom>
  </contact>
  <description value="NDH Resource Instance Verification Status"/>
  <jurisdiction>
    <coding>
      <system value="urn:iso:std:iso:3166"/>
      <code value="US"/>
      <display value="United States of America"/>
    </coding>
  </jurisdiction>
  <caseSensitive value="true"/>
  <content value="complete"/>
  <count value="3"/>
  <concept>
    <code value="complete"/>
    <display value="Complete"/>
    <definition value="Complete"/>
  </concept>
  <concept>
    <code value="incomplete"/>
    <display value="Incomplete"/>
    <definition value="Incomplete"/>
  </concept>
  <concept>
    <code value="not-required"/>
    <display value="Not Required"/>
    <definition value="Not Required"/>
  </concept>
</CodeSystem>