<?xml version="1.0" encoding="UTF-8"?>

<CodeSystem xmlns="http://hl7.org/fhir">
  <id value="CredentialStatusCS"/>
  <text>
    <status value="generated"/><div xmlns="http://www.w3.org/1999/xhtml"><p>This case-sensitive code system <code>http://hl7.org/fhir/us/davinci-pdex/CodeSystem/CredentialStatusCS</code> defines the following codes:</p><table class="codes"><tr><td style="white-space:nowrap"><b>Code</b></td><td><b>Display</b></td><td><b>Definition</b></td></tr><tr><td style="white-space:nowrap">active<a name="CredentialStatusCS-active"> </a></td><td>active</td><td>The credential may be considered valid for use.</td></tr><tr><td style="white-space:nowrap">inactive<a name="CredentialStatusCS-inactive"> </a></td><td>inactive</td><td>The credential may not be considered valid for use.</td></tr><tr><td style="white-space:nowrap">issued-in-error<a name="CredentialStatusCS-issued-in-error"> </a></td><td>issued in error</td><td>The credential was mistakenly assigned and should not be considered valid for use.</td></tr><tr><td style="white-space:nowrap">revoked<a name="CredentialStatusCS-revoked"> </a></td><td>revoked</td><td>The credential was revoked by the issuing organization and should not be considered valid for use.</td></tr><tr><td style="white-space:nowrap">pending<a name="CredentialStatusCS-pending"> </a></td><td>pending</td><td>The credential has not been officially assigned. It may or may not be considered valid for use.</td></tr><tr><td style="white-space:nowrap">unknown<a name="CredentialStatusCS-unknown"> </a></td><td>unknown</td><td>The status of this credential is unknown. It may or may not be considered valid for use.</td></tr></table></div>
  </text>
  <extension url="http://hl7.org/fhir/StructureDefinition/structuredefinition-wg">
    <valueCode value="fm"/>
  </extension>
  <url value="http://hl7.org/fhir/us/davinci-pdex/CodeSystem/CredentialStatusCS"/>
  <version value="2.0.0"/>
  <name value="CredentialStatusCS"/>
  <title value="Credential Status Code System"/>
  <status value="draft"/>
  <experimental value="false"/>
  <date value="2024-01-05T09:17:00-05:00"/>
  <publisher value="HL7 International / Financial Management"/>
  <contact>
    <name value="HL7 International / Financial Management"/>
    <telecom>
      <system value="url"/>
      <value value="http://www.hl7.org/Special/committees/fm"/>
    </telecom>
    <telecom>
      <system value="email"/>
      <value value="fm@lists.HL7.org"/>
    </telecom>
  </contact>
  <contact>
    <name value="Mark Scrimshire (mark.scrimshire@onyxhealth.io)"/>
    <telecom>
      <system value="email"/>
      <value value="mailto:mark.scrimshire@onyxhealth.io"/>
    </telecom>
  </contact>
  <contact>
    <name value="HL7 International - Financial Management"/>
    <telecom>
      <system value="url"/>
      <value value="http://www.hl7.org/Special/committees/fm"/>
    </telecom>
  </contact>
  <description value="This code system contains codes for indicating the status of a credential, such as an identifier or qualification."/>
  <jurisdiction>
    <coding>
      <system value="urn:iso:std:iso:3166"/>
      <code value="US"/>
      <display value="United States of America"/>
    </coding>
  </jurisdiction>
  <caseSensitive value="true"/>
  <content value="complete"/>
  <count value="6"/>
  <concept>
    <code value="active"/>
    <display value="active"/>
    <definition value="The credential may be considered valid for use."/>
  </concept>
  <concept>
    <code value="inactive"/>
    <display value="inactive"/>
    <definition value="The credential may not be considered valid for use."/>
  </concept>
  <concept>
    <code value="issued-in-error"/>
    <display value="issued in error"/>
    <definition value="The credential was mistakenly assigned and should not be considered valid for use."/>
  </concept>
  <concept>
    <code value="revoked"/>
    <display value="revoked"/>
    <definition value="The credential was revoked by the issuing organization and should not be considered valid for use."/>
  </concept>
  <concept>
    <code value="pending"/>
    <display value="pending"/>
    <definition value="The credential has not been officially assigned. It may or may not be considered valid for use."/>
  </concept>
  <concept>
    <code value="unknown"/>
    <display value="unknown"/>
    <definition value="The status of this credential is unknown. It may or may not be considered valid for use."/>
  </concept>
</CodeSystem>