<?xml version="1.0" encoding="UTF-8"?>

<CodeSystem xmlns="http://hl7.org/fhir">
  <id value="PdexProviderExportModeCS"/>
  <text>
    <status value="generated"/><div xmlns="http://www.w3.org/1999/xhtml"><p>This case-sensitive code system <code>http://hl7.org/fhir/us/davinci-pdex/CodeSystem/PdexProviderExportModeCS</code> defines the following codes:</p><table class="codes"><tr><td style="white-space:nowrap"><b>Code</b></td><td><b>Display</b></td><td><b>Definition</b></td></tr><tr><td style="white-space:nowrap">download<a name="PdexProviderExportModeCS-download"> </a></td><td>Download</td><td>Download data and incorporate to records</td></tr><tr><td style="white-space:nowrap">snapshot<a name="PdexProviderExportModeCS-snapshot"> </a></td><td>Snapshot</td><td>Retrieve data for snapshot purposes that will NOT be incorporated into the Patient Record.</td></tr></table></div>
  </text>
  <extension url="http://hl7.org/fhir/StructureDefinition/structuredefinition-wg">
    <valueCode value="fm"/>
  </extension>
  <url value="http://hl7.org/fhir/us/davinci-pdex/CodeSystem/PdexProviderExportModeCS"/>
  <version value="2.0.0"/>
  <name value="PdexProviderExportModeCS"/>
  <title value="PDex Provider Export Mode"/>
  <status value="draft"/>
  <experimental value="true"/>
  <date value="2024-01-03T08:27:17-05:00"/>
  <publisher value="HL7 International / Financial Management"/>
  <contact>
    <name value="HL7 International / Financial Management"/>
    <telecom>
      <system value="url"/>
      <value value="http://www.hl7.org/Special/committees/fm"/>
    </telecom>
    <telecom>
      <system value="email"/>
      <value value="fm@lists.HL7.org"/>
    </telecom>
  </contact>
  <contact>
    <name value="Mark Scrimshire (mark.scrimshire@onyxhealth.io)"/>
    <telecom>
      <system value="email"/>
      <value value="mailto:mark.scrimshire@onyxhealth.io"/>
    </telecom>
  </contact>
  <contact>
    <name value="HL7 International - Financial Management"/>
    <telecom>
      <system value="url"/>
      <value value="http://www.hl7.org/Special/committees/fm"/>
    </telecom>
  </contact>
  <description value="Data Export Mode Types for Provider Export Operation."/>
  <jurisdiction>
    <coding>
      <system value="urn:iso:std:iso:3166"/>
      <code value="US"/>
      <display value="United States of America"/>
    </coding>
  </jurisdiction>
  <caseSensitive value="true"/>
  <content value="complete"/>
  <count value="2"/>
  <concept>
    <code value="download"/>
    <display value="Download"/>
    <definition value="Download data and incorporate to records"/>
  </concept>
  <concept>
    <code value="snapshot"/>
    <display value="Snapshot"/>
    <definition value="Retrieve data for snapshot purposes that will NOT be incorporated into the Patient Record."/>
  </concept>
</CodeSystem>