<?xml version="1.0" encoding="UTF-8"?>

<DocumentReference xmlns="http://hl7.org/fhir">
  <id value="123456"/>
  <meta>
    <profile value="http://hl7.org/fhir/us/core/StructureDefinition/us-core-documentreference"/>
  </meta>
  <text>
    <status value="generated"/><div xmlns="http://www.w3.org/1999/xhtml"><p><b>Generated Narrative</b></p><p><b>status</b>: current</p><p><b>type</b>: <span title="Codes: {http://terminology.hl7.org/CodeSystem/v3-NullFlavor UNK}">unknown</span></p><p><b>category</b>: <span title="Codes: {http://hl7.org/fhir/us/core/CodeSystem/us-core-documentreference-category clinical-note}">Clinical Note</span></p><p><b>subject</b>: <a href="Patient-1.html">Generated Summary: language: en-US; mb: https://www.xxxhealthplan.com/fhir/memberidentifier#1234-234-1243-12345678901, mr: 1234-234-1243-12345678901m, um: 1234-234-1243-12345678901u, pt: 1234-234-1243-12345678901a; active; Johnny Appleseed ; Phone: (410)678-2323; gender: male; birthDate: 1986-01-01; <span title="Codes: {http://terminology.hl7.org/CodeSystem/v3-NullFlavor UNK}">unknown</span></a></p><p><b>date</b>: Oct 9, 2020 11:26:23 AM</p><p><b>author</b>: <a href="Organization-3.html">Generated Summary: language: en-US; National Provider Identifier: 345678, Tax ID Number: 123-45-6789; active; name: Provider 1</a></p><p><b>custodian</b>: <a href="Organization-2.html">Generated Summary: language: en-US; National Provider Identifier: 345678, Payer ID: 901234; active; name: Payer 1</a></p><blockquote><p><b>content</b></p><h3>Attachments</h3><table class="grid"><tr><td>-</td></tr><tr><td>*</td></tr></table><p><b>format</b>: <span title="{http://ihe.net/fhir/ValueSet/IHE.FormatCode.codesystem urn:ihe:iti:xds:2017:mimeTypeSufficient}">urn:ihe:iti:xds:2017:mimeTypeSufficient</span></p></blockquote></div>
  </text>
  <status value="current"/>
  <type>
    <coding>
      <system value="http://terminology.hl7.org/CodeSystem/v3-NullFlavor"/>
      <code value="UNK"/>
    </coding>
  </type>
  <category>
    <coding>
      <system value="http://hl7.org/fhir/us/core/CodeSystem/us-core-documentreference-category"/>
      <code value="clinical-note"/>
    </coding>
  </category>
  <subject>
    <reference value="Patient/1"/>
  </subject>
  <date value="2020-10-09T15:26:23.217+00:00"/>
  <author>
    <reference value="Organization/3"/>
  </author>
  <custodian>
    <reference value="Organization/2"/>
  </custodian>
  <content>
    <attachment>
      <contentType value="application/pdf"/>
      <url value="/Binary/1-pdf"/>
      <title value="Uri where the data can be found = [base]/Binary/1-pdf&#xA;or base64encode document and include in content.attachment.data element"/>
    </attachment>
    <format>
      <system value="http://ihe.net/fhir/ValueSet/IHE.FormatCode.codesystem"/>
      <code value="urn:ihe:iti:xds:2017:mimeTypeSufficient"/>
    </format>
  </content>
</DocumentReference>