<?xml version="1.0" encoding="UTF-8"?>

<Encounter xmlns="http://hl7.org/fhir">
  <id value="7"/>
  <meta>
    <lastUpdated value="2020-07-15T20:26:23.217+00:00"/>
    <profile value="http://hl7.org/fhir/us/core/StructureDefinition/us-core-encounter"/>
  </meta>
  <text>
    <status value="generated"/><div xmlns="http://www.w3.org/1999/xhtml"><p><b>Generated Narrative</b></p><p><b>status</b>: finished</p><p><b>class</b>: <span title="{http://terminology.hl7.org/CodeSystem/v3-ActCode AMB}">Ambulatory</span></p><p><b>type</b>: <span title="Codes: {http://snomed.info/sct 308335008}">Patient encounter procedure</span></p><p><b>subject</b>: <a href="Patient-1.html">Generated Summary: language: en-US; Member Number: https://www.xxxhealthplan.com/fhir/memberidentifier#1234-234-1243-12345678901, Medical record number: 1234-234-1243-12345678901m, Health Plan Identifier: 1234-234-1243-12345678901u, Patient external identifier: 1234-234-1243-12345678901a; active; Johnny Appleseed ; Phone: (410)678-2323; gender: male; birthDate: 1986-01-01; <span title="Codes: {http://terminology.hl7.org/CodeSystem/v3-NullFlavor UNK}">unknown</span></a></p></div>
  </text>
  <status value="finished"/>
  <class>
    <system value="http://terminology.hl7.org/CodeSystem/v3-ActCode"/>
    <code value="AMB"/>
    <display value="Ambulatory"/>
  </class>
  <type>
    <coding>
      <system value="http://snomed.info/sct"/>
      <version value="http://snomed.info/sct/731000124108"/>
      <code value="308335008"/>
      <display value="Patient encounter procedure"/>
    </coding>
  </type>
  <subject>
    <reference value="Patient/1"/>
  </subject>
</Encounter>