<?xml version="1.0" encoding="UTF-8"?>

<ImplementationGuide xmlns="http://hl7.org/fhir">
  <id value="hl7.fhir.us.davinci-pdex"/>
  <meta>
    <versionId value="122"/>
    <lastUpdated value="2020-06-23T18:35:11.489+00:00"/>
    <source value="#qjHLBkQly8l0RZsd"/>
  </meta>
  <text>
    <status value="extensions"/><div xmlns="http://www.w3.org/1999/xhtml"><h2>DaVinciPayerDataExchange</h2><p>The official URL for this implementation guide is: </p><pre>http://hl7.org/fhir/us/davinci-pdex/ImplementationGuide/hl7.fhir.us.davinci-pdex</pre><div><p>&lt;p id=&quot;publish-box&quot;&gt;
This is a pre-release version (Ballot 1) of Payer Data exchange  (PDex) R1/STU. There is no current official version.
&lt;/p&gt;</p>
<p>This specification is currently undergoing ballot and connectathon testing. It is expected to evolve, possibly significantly, as part of that process.
Feedback is welcome and may be submitted through the FHIR JIRA tracker indicating US Da Vinci PDex as the specification. If balloting on this IG, please submit your comments via the tracker and just reference them in your ballot submission implementation guide.</p>
<p>This guide can be reviewed offline. Go to the Downloads section. Click on the link to download the full Implementation Guide as a zip file. Expand the zip file and use a web browser to launch the index.html file in the directory created by the zip extract process. External hyperlinks in the guide will not be available unless you have an active internet connection.</p>
<p><a href="https://confluence.hl7.org/display/FM/Financial+Management+Home">Financial Management</a> is the Sponsoring Work Group for this Implementation Guide.</p>
<p><strong>The Payer Data Exchange (PDex) Implementation Guide (IG) is provided for Payers/Health Plans to enable them to create a Member's Health History using clinical resources (based on US Core Profiles based on FHIR R4) which can be understood by providers and, if they choose to, committed to their Electronic Medical Records (EMR) System.</strong></p>
<p>The PDex work group has made changes to the original version of the IG following the publication of the final CMS Interoperability and Patient Access Rule.</p>
<p>This IG uses the same Member Health History &quot;payload&quot; for member-authorized exchange of information with other Health Plans and with Third-Party Applications. It describes the interaction patterns that, when followed, allow the various parties involved in managing healthcare and payer data to more easily integrate and exchange data securely and effectively.</p>
<p>This IG covers the exchange of:</p>
<ul>
<li>Claims-based information</li>
<li>Clinical Information (such as Lab Results, Allergies and Conditions)</li>
</ul>
<p>This IG covers the exchange of this information using US Core and Da Vinci Health Record Exchange (HRex) Profiles. This superset of clinical profiles forms the Health Plan Member's Health History.</p>
<p>This IG covers the exchange of a Member's Health History in the following scenarios:</p>
<ul>
<li>Provider requested Provider-Health Plan Exchange using CDS-Hooks and SMART-on-FHIR</li>
<li>Member-authorized Health Plan to Health Plan exchange</li>
<li>Member-authorized Health Plan to Third-Party Application exchange</li>
</ul>
<p>The latter two scenarios are provided to meet the requirements identified in the CMS Interoperability Notice for Proposed Rule Making issued on February 11, 2019.</p>
<p><strong>There are items in this guide that are subject to update</strong>. This includes:</p>
<ul>
<li>Value Sets</li>
<li>Vocabularies (X12, NUBC etc.)</li>
<li>Examples</li>
</ul>
<p><strong>The Vocabulary, Value Sets and codings used to express data in this IG are subject to review and will be reconciled with</strong>  <a href="http://www.x12.org">X12</a>.</p>
<p>See the <a href="toc.html">Table of Contents</a> for more information.</p>
<h3>Latest Changes</h3>
<ul>
<li>(118) Consolidate Section 3, Update US Core profile references</li>
<li>(68-75) Apply Ballot Changes (FHIR-23404, FHIR-23403, FHIR-23397, FHIR-23392, FHIR-23378, FHIR-23375, FHIR-23372, FHIR-23368, FHIR-23366, FHIR-23364, FHIR-23354, FHIR-23348, FHIR-23346, FHIR-23218, FHIR-23400, FHIR-23399, FHIR-23398, FHIR-23390, FHIR-23388, FHIR-23386, FHIR-23382, FHIR-23380, FHIR-23356, FHIR-23334, FHIR-23310, FHIR-233291, FHIR-23285, FHIR-23279, FHIR-22819, FHIR-22821, FHIR-22858, FHIR-22860, FHIR-22861, FHIR-22862, FHIR-22863, FHIR-22865, FHIR-22876, FHIR-22877, FHIR-23139, FHIR-23141, FHIR-23145, FHIR-23191, FHIR-23189, FHIR-23206, FHIR-23208, FHIR-23210, FHIR-23212, FHIR-23224, FHIR-23228, FHIR-23234, FHIR-23236, FHIR-23238, FHIR-23172, FHIR-23193, FHIR-23195, FHIR-23197, FHIR-23199, FHIR-23242, FHIR-23244, FHIR-23246, FHIR-23248, FHIR-23250, FHIR-23252, FHIR-23256, FHIR-23308, FHIR-23384)</li>
<li>(302) Apply Ballot Changes (FHIR-23254, FHIR-23287, FHIR-23262, FHIR-23266, FHIR-23260, FHIR-23158)</li>
<li>(300) Apply Ballot Changes (FHIR-23374, FHIR-23302, FHIR-23283, FHIR-23281, FHIR-23277)</li>
<li>(299) Apply Ballot Changes (FHIR-23151, FHIR-23155)</li>
<li>(298) Apply Ballot Changes (FHIR-23330, FHIIR-23325, FHIR-23323, FHIR-23322, FHIR-23318, FHIR-23315 )</li>
<li>(297) Fix Typos (FHIR-23172, FHIR-23170, FHIR-23168, FHIR-23137, FHIR-23135-Wrong IG )</li>
<li>(295) Fix Typos (FHIR-23230, FHIR-23214, FHIR-23189, FHIR-23187, FHIR-23186, FHIR-23185, FHHIR-23184, FHIR-23182, FHIR-23178, FHIR-23176, FHIR-23174)</li>
<li>(293) Fix Typos (FHIR-23394, FHIR-23362, FHIR-23328, FHIR-23324, FHIR-23321, FHIR-23317, FHIR-23316, FHIR-23303, FHIR-23274, FHIR-23272, FHIR-23270)</li>
<li>(292) Apply Ballot Changes (FHIR-23402, FHIR-23413, FHIR-23401, FHIR-23396 )</li>
<li>(290) Apply Ballot Changes (FHIR-23405 )</li>
<li>(285) Support FHIR V4.1.0</li>
<li>(284) Change US Core reference</li>
</ul>
</div></div>
  </text>
  <url value="http://hl7.org/fhir/us/davinci-pdex/ImplementationGuide/hl7.fhir.us.davinci-pdex"/>
  <version value="0.3.2"/>
  <name value="DaVinciPayerDataExchange"/>
  <title value="Da Vinci Payer Data exchange"/>
  <status value="draft"/>
  <date value="2020-06-23T18:36:23+00:00"/>
  <publisher value="HL7 Da Vinci"/>
  <contact>
    <name value="Mark Scrimshire (mark@ekivemark.com)"/>
    <telecom>
      <system value="email"/>
      <value value="mark@ekivemark.com"/>
    </telecom>
    <telecom>
      <system value="url"/>
      <value value="https://www.newwave.io"/>
    </telecom>
  </contact>
  <contact>
    <name value="HL7 International - Financial Management"/>
    <telecom>
      <system value="url"/>
      <value value="http://www.hl7.org/Special/committees/fm"/>
    </telecom>
  </contact>
  <description value="&lt;p id=&quot;publish-box&quot;&gt;&#xA;This is a pre-release version (Ballot 1) of Payer Data exchange  (PDex) R1/STU. There is no current official version.&#xA;&lt;/p&gt;&#xA;&#xA;&#xA;This specification is currently undergoing ballot and connectathon testing. It is expected to evolve, possibly significantly, as part of that process.&#xA;Feedback is welcome and may be submitted through the FHIR JIRA tracker indicating US Da Vinci PDex as the specification. If balloting on this IG, please submit your comments via the tracker and just reference them in your ballot submission implementation guide.&#xA;&#xA;This guide can be reviewed offline. Go to the Downloads section. Click on the link to download the full Implementation Guide as a zip file. Expand the zip file and use a web browser to launch the index.html file in the directory created by the zip extract process. External hyperlinks in the guide will not be available unless you have an active internet connection. &#xA;&#xA;[Financial Management](https://confluence.hl7.org/display/FM/Financial+Management+Home) is the Sponsoring Work Group for this Implementation Guide.&#xA;&#xA;**The Payer Data Exchange (PDex) Implementation Guide (IG) is provided for Payers/Health Plans to enable them to create a Member&#39;s Health History using clinical resources (based on US Core Profiles based on FHIR R4) which can be understood by providers and, if they choose to, committed to their Electronic Medical Records (EMR) System.**&#xA;&#xA;The PDex work group has made changes to the original version of the IG following the publication of the final CMS Interoperability and Patient Access Rule.&#xA;&#xA;This IG uses the same Member Health History &quot;payload&quot; for member-authorized exchange of information with other Health Plans and with Third-Party Applications. It describes the interaction patterns that, when followed, allow the various parties involved in managing healthcare and payer data to more easily integrate and exchange data securely and effectively.&#xA;&#xA;This IG covers the exchange of:&#xA;- Claims-based information&#xA;- Clinical Information (such as Lab Results, Allergies and Conditions)&#xA;&#xA;This IG covers the exchange of this information using US Core and Da Vinci Health Record Exchange (HRex) Profiles. This superset of clinical profiles forms the Health Plan Member&#39;s Health History. &#xA;&#xA;This IG covers the exchange of a Member&#39;s Health History in the following scenarios:&#xA;- Provider requested Provider-Health Plan Exchange using CDS-Hooks and SMART-on-FHIR&#xA;- Member-authorized Health Plan to Health Plan exchange&#xA;- Member-authorized Health Plan to Third-Party Application exchange&#xA;&#xA;The latter two scenarios are provided to meet the requirements identified in the CMS Interoperability Notice for Proposed Rule Making issued on February 11, 2019.&#xA;&#xA;**There are items in this guide that are subject to update**. This includes:&#xA;- Value Sets&#xA;- Vocabularies (X12, NUBC etc.)&#xA;- Examples&#xA;&#xA;**The Vocabulary, Value Sets and codings used to express data in this IG are subject to review and will be reconciled with**  [X12](http://www.x12.org).&#xA;&#xA;See the [Table of Contents](toc.html) for more information.&#xA;&#xA;### Latest Changes&#xA;- (118) Consolidate Section 3, Update US Core profile references&#xA;- (68-75) Apply Ballot Changes (FHIR-23404, FHIR-23403, FHIR-23397, FHIR-23392, FHIR-23378, FHIR-23375, FHIR-23372, FHIR-23368, FHIR-23366, FHIR-23364, FHIR-23354, FHIR-23348, FHIR-23346, FHIR-23218, FHIR-23400, FHIR-23399, FHIR-23398, FHIR-23390, FHIR-23388, FHIR-23386, FHIR-23382, FHIR-23380, FHIR-23356, FHIR-23334, FHIR-23310, FHIR-233291, FHIR-23285, FHIR-23279, FHIR-22819, FHIR-22821, FHIR-22858, FHIR-22860, FHIR-22861, FHIR-22862, FHIR-22863, FHIR-22865, FHIR-22876, FHIR-22877, FHIR-23139, FHIR-23141, FHIR-23145, FHIR-23191, FHIR-23189, FHIR-23206, FHIR-23208, FHIR-23210, FHIR-23212, FHIR-23224, FHIR-23228, FHIR-23234, FHIR-23236, FHIR-23238, FHIR-23172, FHIR-23193, FHIR-23195, FHIR-23197, FHIR-23199, FHIR-23242, FHIR-23244, FHIR-23246, FHIR-23248, FHIR-23250, FHIR-23252, FHIR-23256, FHIR-23308, FHIR-23384)&#xA;- (302) Apply Ballot Changes (FHIR-23254, FHIR-23287, FHIR-23262, FHIR-23266, FHIR-23260, FHIR-23158)&#xA;- (300) Apply Ballot Changes (FHIR-23374, FHIR-23302, FHIR-23283, FHIR-23281, FHIR-23277)&#xA;- (299) Apply Ballot Changes (FHIR-23151, FHIR-23155)&#xA;- (298) Apply Ballot Changes (FHIR-23330, FHIIR-23325, FHIR-23323, FHIR-23322, FHIR-23318, FHIR-23315 )&#xA;- (297) Fix Typos (FHIR-23172, FHIR-23170, FHIR-23168, FHIR-23137, FHIR-23135-Wrong IG )&#xA;- (295) Fix Typos (FHIR-23230, FHIR-23214, FHIR-23189, FHIR-23187, FHIR-23186, FHIR-23185, FHHIR-23184, FHIR-23182, FHIR-23178, FHIR-23176, FHIR-23174)&#xA;- (293) Fix Typos (FHIR-23394, FHIR-23362, FHIR-23328, FHIR-23324, FHIR-23321, FHIR-23317, FHIR-23316, FHIR-23303, FHIR-23274, FHIR-23272, FHIR-23270)&#xA;- (292) Apply Ballot Changes (FHIR-23402, FHIR-23413, FHIR-23401, FHIR-23396 )&#xA;- (290) Apply Ballot Changes (FHIR-23405 )&#xA;- (285) Support FHIR V4.1.0&#xA;- (284) Change US Core reference&#xA;"/>
  <packageId value="hl7.fhir.us.davinci-pdex"/>
  <license value="CC0-1.0"/>
  <fhirVersion value="4.0.1"/>
  <dependsOn>
    <uri value="http://hl7.org/fhir/us/davinci-hrex/ImplementationGuide/davinci-hrex"/>
    <packageId value="hl7.fhir.us.davinci-hrex"/>
    <version value="current"/>
  </dependsOn>
  <dependsOn>
    <uri value="http://hl7.org/fhir/us/core/ImplementationGuide/hl7.fhir.us.core-3.0.0"/>
    <packageId value="hl7.fhir.us.core"/>
    <version value="current"/>
  </dependsOn>
  <definition>
    <extension url="http://hl7.org/fhir/tools/StructureDefinition/ig-parameter">
      <extension url="code">
        <valueString value="copyrightyear"/>
      </extension>
      <extension url="value">
        <valueString value="2020+"/>
      </extension>
    </extension>
    <extension url="http://hl7.org/fhir/tools/StructureDefinition/ig-parameter">
      <extension url="code">
        <valueString value="releaselabel"/>
      </extension>
      <extension url="value">
        <valueString value="CI Build"/>
      </extension>
    </extension>
    <extension url="http://hl7.org/fhir/tools/StructureDefinition/ig-parameter">
      <extension url="code">
        <valueString value="path-liquid"/>
      </extension>
      <extension url="value">
        <valueString value="template/liquid"/>
      </extension>
    </extension>
    <extension url="http://hl7.org/fhir/tools/StructureDefinition/ig-parameter">
      <extension url="code">
        <valueString value="path-liquid"/>
      </extension>
      <extension url="value">
        <valueString value="input/liquid"/>
      </extension>
    </extension>
    <extension url="http://hl7.org/fhir/tools/StructureDefinition/ig-parameter">
      <extension url="code">
        <valueString value="path-qa"/>
      </extension>
      <extension url="value">
        <valueString value="temp/qa"/>
      </extension>
    </extension>
    <extension url="http://hl7.org/fhir/tools/StructureDefinition/ig-parameter">
      <extension url="code">
        <valueString value="path-temp"/>
      </extension>
      <extension url="value">
        <valueString value="temp/pages"/>
      </extension>
    </extension>
    <extension url="http://hl7.org/fhir/tools/StructureDefinition/ig-parameter">
      <extension url="code">
        <valueString value="path-output"/>
      </extension>
      <extension url="value">
        <valueString value="output"/>
      </extension>
    </extension>
    <extension url="http://hl7.org/fhir/tools/StructureDefinition/ig-parameter">
      <extension url="code">
        <valueString value="path-suppressed-warnings"/>
      </extension>
      <extension url="value">
        <valueString value="input/ignoreWarnings.txt"/>
      </extension>
    </extension>
    <extension url="http://hl7.org/fhir/tools/StructureDefinition/ig-parameter">
      <extension url="code">
        <valueString value="path-history"/>
      </extension>
      <extension url="value">
        <valueString value="http://hl7.org/fhir/us/davinci-pdex/history.html"/>
      </extension>
    </extension>
    <extension url="http://hl7.org/fhir/tools/StructureDefinition/ig-parameter">
      <extension url="code">
        <valueString value="template-html"/>
      </extension>
      <extension url="value">
        <valueString value="template-page.html"/>
      </extension>
    </extension>
    <extension url="http://hl7.org/fhir/tools/StructureDefinition/ig-parameter">
      <extension url="code">
        <valueString value="template-md"/>
      </extension>
      <extension url="value">
        <valueString value="template-page-md.html"/>
      </extension>
    </extension>
    <extension url="http://hl7.org/fhir/tools/StructureDefinition/ig-parameter">
      <extension url="code">
        <valueString value="apply-contact"/>
      </extension>
      <extension url="value">
        <valueString value="true"/>
      </extension>
    </extension>
    <extension url="http://hl7.org/fhir/tools/StructureDefinition/ig-parameter">
      <extension url="code">
        <valueString value="apply-context"/>
      </extension>
      <extension url="value">
        <valueString value="true"/>
      </extension>
    </extension>
    <extension url="http://hl7.org/fhir/tools/StructureDefinition/ig-parameter">
      <extension url="code">
        <valueString value="apply-copyright"/>
      </extension>
      <extension url="value">
        <valueString value="true"/>
      </extension>
    </extension>
    <extension url="http://hl7.org/fhir/tools/StructureDefinition/ig-parameter">
      <extension url="code">
        <valueString value="apply-jurisdiction"/>
      </extension>
      <extension url="value">
        <valueString value="true"/>
      </extension>
    </extension>
    <extension url="http://hl7.org/fhir/tools/StructureDefinition/ig-parameter">
      <extension url="code">
        <valueString value="apply-license"/>
      </extension>
      <extension url="value">
        <valueString value="true"/>
      </extension>
    </extension>
    <extension url="http://hl7.org/fhir/tools/StructureDefinition/ig-parameter">
      <extension url="code">
        <valueString value="apply-publisher"/>
      </extension>
      <extension url="value">
        <valueString value="true"/>
      </extension>
    </extension>
    <extension url="http://hl7.org/fhir/tools/StructureDefinition/ig-parameter">
      <extension url="code">
        <valueString value="apply-version"/>
      </extension>
      <extension url="value">
        <valueString value="true"/>
      </extension>
    </extension>
    <extension url="http://hl7.org/fhir/tools/StructureDefinition/ig-parameter">
      <extension url="code">
        <valueString value="active-tables"/>
      </extension>
      <extension url="value">
        <valueString value="true"/>
      </extension>
    </extension>
    <resource>
      <extension url="http://hl7.org/fhir/tools/StructureDefinition/resource-information">
        <valueString value="StructureDefinition:resource"/>
      </extension>
      <extension url="http://hl7.org/fhir/StructureDefinition/implementationguide-page">
        <valueUri value="StructureDefinition-pdex-medicationdispense.html"/>
      </extension>
      <reference>
        <reference value="StructureDefinition/pdex-medicationdispense"/>
        <display value="PDexMedicationDispense"/>
      </reference>
      <name value="PDexMedicationDispense"/>
      <description value="The MedicationDispense record identifies the prescription drug issued to a member and paid for under their Health Insurance Drug Plan.&#xA;"/>
      <exampleBoolean value="false"/>
    </resource>
    <resource>
      <extension url="http://hl7.org/fhir/tools/StructureDefinition/resource-information">
        <valueString value="CapabilityStatement"/>
      </extension>
      <extension url="http://hl7.org/fhir/StructureDefinition/implementationguide-page">
        <valueUri value="CapabilityStatement-us-core-server.html"/>
      </extension>
      <reference>
        <reference value="CapabilityStatement/us-core-server"/>
        <display value="US Core Server CapabilityStatement"/>
      </reference>
      <name value="US Core Server CapabilityStatement"/>
      <description value="This Section describes the expected capabilities of the US Core Server actor which is responsible for providing responses to the queries submitted by the US Core Requestors. The complete list of FHIR profiles, RESTful operations, and search parameters supported by US Core Servers are defined. Systems implementing this capability statement should meet the ONC 2015 Common Clinical Data Set (CCDS) access requirement for Patient Selection 170.315(g)(7) and Application Access - Data Category Request 170.315(g)(8) and and the latest proposed ONC [U.S. Core Data for Interoperability (USCDI)].  US Core Clients have the option of choosing from this list to access necessary data based on their local use cases and other contextual requirements."/>
      <exampleBoolean value="false"/>
    </resource>
    <resource>
      <extension url="http://hl7.org/fhir/tools/StructureDefinition/resource-information">
        <valueString value="StructureDefinition:extension"/>
      </extension>
      <extension url="http://hl7.org/fhir/StructureDefinition/implementationguide-page">
        <valueUri value="StructureDefinition-capabilitystatement-search-parameter-combination.html"/>
      </extension>
      <reference>
        <reference value="StructureDefinition/capabilitystatement-search-parameter-combination"/>
        <display value="Search Parameter Combination"/>
      </reference>
      <name value="Search Parameter Combination"/>
      <description value="This extension defines a possible search parameter combination,  by listing a set of search parameters and indicating whether they are required or optional. If a search combination is specified, clients should expect that they must submit a search that meets one of the required combinations or the search will be unsuccessful. If multiple search parameter combinations are specified, a client may pick between them, and supply the minimal required parameters for any of the combinations."/>
      <exampleBoolean value="false"/>
    </resource>
    <page>
      <nameUrl value="index.html"/>
      <title value="index"/>
      <generation value="markdown"/>
      <page>
        <nameUrl value="Overview.html"/>
        <title value="Overview"/>
        <generation value="markdown"/>
      </page>
      <page>
        <nameUrl value="Introduction.html"/>
        <title value="Introduction"/>
        <generation value="markdown"/>
      </page>
      <page>
        <nameUrl value="PDexImplementationActorsInteractionsDataPayloadsandMethods.html"/>
        <title value="PDex Implementation Actors, Interactions, Data Payloads and Methods"/>
        <generation value="markdown"/>
        <page>
          <nameUrl value="Actors.html"/>
          <title value="Actors"/>
          <generation value="markdown"/>
        </page>
        <page>
          <nameUrl value="ExchangeInteractions.html"/>
          <title value="Exchange Interactions"/>
          <generation value="markdown"/>
        </page>
        <page>
          <nameUrl value="DataPayloads.html"/>
          <title value="Data Payloads"/>
          <generation value="markdown"/>
        </page>
        <page>
          <nameUrl value="InteractionMethods.html"/>
          <title value="Interaction Methods"/>
          <generation value="markdown"/>
        </page>
        <page>
          <nameUrl value="InteractionandPayloadMatrix.html"/>
          <title value="Interaction and Payload Matrix"/>
          <generation value="markdown"/>
        </page>
        <page>
          <nameUrl value="DataMapping.html"/>
          <title value="Data Mapping"/>
          <generation value="markdown"/>
          <page>
            <nameUrl value="USCorePatient.html"/>
            <title value="US Core Patient"/>
            <generation value="markdown"/>
          </page>
          <page>
            <nameUrl value="Coverage.html"/>
            <title value="Coverage"/>
            <generation value="markdown"/>
          </page>
          <page>
            <nameUrl value="USCoreEncounter.html"/>
            <title value="US Core Encounter"/>
            <generation value="markdown"/>
          </page>
          <page>
            <nameUrl value="USCoreLocation.html"/>
            <title value="US Core Location"/>
            <generation value="markdown"/>
          </page>
          <page>
            <nameUrl value="MedicationDispense.html"/>
            <title value="MedicationDispense"/>
            <generation value="markdown"/>
          </page>
          <page>
            <nameUrl value="USCorePractitioner.html"/>
            <title value="US Core Practitioner"/>
            <generation value="markdown"/>
          </page>
          <page>
            <nameUrl value="USCoreProcedure.html"/>
            <title value="US Core Procedure"/>
            <generation value="markdown"/>
          </page>
          <page>
            <nameUrl value="USCoreCondition.html"/>
            <title value="US Core Condition"/>
            <generation value="markdown"/>
          </page>
          <page>
            <nameUrl value="USCoreAllergyIntolerance.html"/>
            <title value="US Core AllergyIntolerance"/>
            <generation value="markdown"/>
          </page>
          <page>
            <nameUrl value="USCoreImmunization.html"/>
            <title value="US Core Immunization"/>
            <generation value="markdown"/>
          </page>
          <page>
            <nameUrl value="USCoreDiagnosticReport.html"/>
            <title value="US Core DiagnosticReport"/>
            <generation value="markdown"/>
          </page>
          <page>
            <nameUrl value="USCoreObservation.html"/>
            <title value="US Core Observation"/>
            <generation value="markdown"/>
          </page>
          <page>
            <nameUrl value="USCoreDocumentReference.html"/>
            <title value="US Core DocumentReference"/>
            <generation value="markdown"/>
          </page>
          <page>
            <nameUrl value="USCorePractitionerRole.html"/>
            <title value="US Core PractitionerRole"/>
            <generation value="markdown"/>
          </page>
          <page>
            <nameUrl value="USCoreDevice.html"/>
            <title value="US Core Device"/>
            <generation value="markdown"/>
          </page>
          <page>
            <nameUrl value="USCoreOrganization.html"/>
            <title value="US Core Organization"/>
            <generation value="markdown"/>
          </page>
          <page>
            <nameUrl value="USCoreCarePlan.html"/>
            <title value="US Core CarePlan"/>
            <generation value="markdown"/>
          </page>
          <page>
            <nameUrl value="USCoreCareTeam.html"/>
            <title value="US Core CareTeam"/>
            <generation value="markdown"/>
          </page>
          <page>
            <nameUrl value="USCoreMedication.html"/>
            <title value="US Core Medication"/>
            <generation value="markdown"/>
          </page>
          <page>
            <nameUrl value="USCoreMedicationRequest.html"/>
            <title value="US Core MedicationRequest"/>
            <generation value="markdown"/>
          </page>
        </page>
      </page>
      <page>
        <nameUrl value="UseCaseScenarios.html"/>
        <title value="Use Case Scenarios"/>
        <generation value="markdown"/>
        <page>
          <nameUrl value="PatientPersona.html"/>
          <title value="Patient Persona"/>
          <generation value="markdown"/>
        </page>
        <page>
          <nameUrl value="UsefulPatientHistoryforProviders.html"/>
          <title value="Useful Patient History for Providers"/>
          <generation value="markdown"/>
        </page>
      </page>
      <page>
        <nameUrl value="Provider-controlledInformationRequestsandFiltering.html"/>
        <title value="Provider-controlled Information Requests and Filtering"/>
        <generation value="markdown"/>
      </page>
      <page>
        <nameUrl value="CDS-Hooks.html"/>
        <title value="CDS-Hooks"/>
        <generation value="markdown"/>
        <page>
          <nameUrl value="SupportforFHIRR4.html"/>
          <title value="Support for FHIR R4"/>
          <generation value="markdown"/>
        </page>
        <page>
          <nameUrl value="AdditionalorModifiedHooks.html"/>
          <title value="Additional or Modified Hooks"/>
          <generation value="markdown"/>
        </page>
        <page>
          <nameUrl value="PDexHooks.html"/>
          <title value="PDex Hooks"/>
          <generation value="markdown"/>
        </page>
        <page>
          <nameUrl value="HookConfiguration.html"/>
          <title value="Hook Configuration"/>
          <generation value="markdown"/>
        </page>
        <page>
          <nameUrl value="Systems.html"/>
          <title value="Systems"/>
          <generation value="markdown"/>
        </page>
        <page>
          <nameUrl value="WorkflowExamples.html"/>
          <title value="Workflow Examples"/>
          <generation value="markdown"/>
          <page>
            <nameUrl value="FirstVisitwithNewProvider.html"/>
            <title value="First Visit with New Provider"/>
            <generation value="markdown"/>
          </page>
          <page>
            <nameUrl value="ReturnVisitwithProvider.html"/>
            <title value="Return Visit with Provider"/>
            <generation value="markdown"/>
          </page>
          <page>
            <nameUrl value="FHIRProfilesandCDSHooksContext.html"/>
            <title value="FHIR Profiles and CDS Hooks Context"/>
            <generation value="markdown"/>
          </page>
        </page>
        <page>
          <nameUrl value="HandlingDataProvenance.html"/>
          <title value="Handling Data Provenance"/>
          <generation value="markdown"/>
        </page>
      </page>
      <page>
        <nameUrl value="Member-AuthorizedOAuth2Exchange.html"/>
        <title value="Member-Authorized OAuth2 Exchange"/>
        <generation value="markdown"/>
      </page>
      <page>
        <nameUrl value="Credits.html"/>
        <title value="Credits"/>
        <generation value="markdown"/>
        <page>
          <nameUrl value="Terminology.html"/>
          <title value="Terminology"/>
          <generation value="markdown"/>
        </page>
      </page>
    </page>
    <parameter>
      <code value="path-resource"/>
      <value value="input/capabilities"/>
    </parameter>
    <parameter>
      <code value="path-resource"/>
      <value value="input/examples"/>
    </parameter>
    <parameter>
      <code value="path-resource"/>
      <value value="input/extensions"/>
    </parameter>
    <parameter>
      <code value="path-resource"/>
      <value value="input/models"/>
    </parameter>
    <parameter>
      <code value="path-resource"/>
      <value value="input/operations"/>
    </parameter>
    <parameter>
      <code value="path-resource"/>
      <value value="input/profiles"/>
    </parameter>
    <parameter>
      <code value="path-resource"/>
      <value value="input/resources"/>
    </parameter>
    <parameter>
      <code value="path-resource"/>
      <value value="input/vocabulary"/>
    </parameter>
    <parameter>
      <code value="path-resource"/>
      <value value="input/maps"/>
    </parameter>
    <parameter>
      <code value="path-resource"/>
      <value value="input/testing"/>
    </parameter>
    <parameter>
      <code value="path-pages"/>
      <value value="template/config"/>
    </parameter>
    <parameter>
      <code value="path-pages"/>
      <value value="input/images"/>
    </parameter>
    <parameter>
      <code value="path-tx-cache"/>
      <value value="input-cache/txcache"/>
    </parameter>
  </definition>
</ImplementationGuide>