<?xml version="1.0" encoding="UTF-8"?>

<ImplementationGuide xmlns="http://hl7.org/fhir">
  <id value="hl7.fhir.us.davinci-pdex-0.0.9.8"/>
  <meta>
    <versionId value="127"/>
    <lastUpdated value="2019-04-24T21:02:40.000-04:00"/>
  </meta>
  <text>
    <status value="generated"/><div xmlns="http://www.w3.org/1999/xhtml"><h2>DaVinciPayerDataExchange</h2><p>The official URL for this implementation guide is: </p><pre>http://hl7.org/fhir/us/davinci-pdex/ImplementationGuide/davinci-pdex</pre><div><p>This specification is currently undergoing ballot and connectathon testing. It is expected to evolve, possibly significantly, as part of that process.
Feedback is welcome and may be submitted through the FHIR gForge tracker indicating US Da Vinci PDex as the specification. If balloting on this IG, please submit your comments via the tracker and just reference them in your ballot submission implementation guide.</p>
<p>See the <a href="toc.html">Table of Contents</a> for more information.</p>
<h4>Latest Changes</h4>
<ul>
<li>Changed definition of SMART-on-FHIR write to Provider EMR to support graceful degradation of capability for written data -  section 6-6-3</li>
<li>Fixed link from Section 3.3 to 2.8</li>
<li>Change Section Number format to fix links from Table of Contents</li>
<li>Number sections for easier reference during comment period</li>
<li>Remove duplicated Data Payload section and refer back to Section 2.8 (PDex Data Payloads)</li>
<li>Replace CatalogEntry with MedicationKnowledge for Prescription Drug Formulary resource.</li>
<li>Apply subset of Validated Healthcare Directory Resources for use as Healthcare Network Directory.</li>
</ul>
</div></div>
  </text>
  <url value="http://hl7.org/fhir/us/davinci-pdex/ImplementationGuide/davinci-pdex"/>
  <version value="0.0.9.8"/>
  <name value="DaVinciPayerDataExchange"/>
  <title value="Da Vinci Payer Data exchange"/>
  <status value="draft"/>
  <experimental value="true"/>
  <publisher value="HL7 Da Vinci"/>
  <description value="This specification is currently undergoing ballot and connectathon testing. It is expected to evolve, possibly significantly, as part of that process.&#xA;Feedback is welcome and may be submitted through the FHIR gForge tracker indicating US Da Vinci PDex as the specification. If balloting on this IG, please submit your comments via the tracker and just reference them in your ballot submission implementation guide.&#xA;&#xA;See the [Table of Contents](toc.html) for more information.&#xA;&#xA;#### Latest Changes&#xA;- Changed definition of SMART-on-FHIR write to Provider EMR to support graceful degradation of capability for written data -  section 6-6-3&#xA;- Fixed link from Section 3.3 to 2.8&#xA;- Change Section Number format to fix links from Table of Contents &#xA;- Number sections for easier reference during comment period&#xA;- Remove duplicated Data Payload section and refer back to Section 2.8 (PDex Data Payloads)&#xA;- Replace CatalogEntry with MedicationKnowledge for Prescription Drug Formulary resource.&#xA;- Apply subset of Validated Healthcare Directory Resources for use as Healthcare Network Directory.&#xA;"/>
  <packageId value="hl7.fhir.us.davinci-pdex"/>
  <license value="CC0-1.0"/>
  <fhirVersion value="4.0.0"/>
  <dependsOn>
    <uri value="http://hl7.org/fhir/us/davinci-hrex/ImplementationGuide/davinci-hrex"/>
    <packageId value="hl7.fhir.us.davinci-hrex"/>
    <version value="current"/>
  </dependsOn>
  <definition>
    <page>
      <nameUrl value="toc.md"/>
      <title value="Table of Contents"/>
      <generation value="generated"/>
      <page>
        <nameUrl value="1_Home_Page.html"/>
        <title value="1 Home Page"/>
        <generation value="markdown"/>
        <page>
          <nameUrl value="1-1_Overview.html"/>
          <title value="1-1 Overview"/>
          <generation value="markdown"/>
        </page>
      </page>
      <page>
        <nameUrl value="2_Introduction.html"/>
        <title value="2 Introduction"/>
        <generation value="markdown"/>
        <page>
          <nameUrl value="2-1_Implementation_Guide_Scope.html"/>
          <title value="2-1 Implementation Guide Scope"/>
          <generation value="markdown"/>
        </page>
        <page>
          <nameUrl value="2-2_Member_Consent.html"/>
          <title value="2-2 Member Consent"/>
          <generation value="markdown"/>
        </page>
        <page>
          <nameUrl value="2-3_Conventions.html"/>
          <title value="2-3 Conventions"/>
          <generation value="markdown"/>
        </page>
        <page>
          <nameUrl value="2-4_FHIR.html"/>
          <title value="2-4 FHIR"/>
          <generation value="markdown"/>
        </page>
        <page>
          <nameUrl value="2-5_Supporting_Specifications.html"/>
          <title value="2-5 Supporting Specifications"/>
          <generation value="markdown"/>
        </page>
        <page>
          <nameUrl value="2-6_Implementation_Assumptions.html"/>
          <title value="2-6 Implementation Assumptions"/>
          <generation value="markdown"/>
        </page>
        <page>
          <nameUrl value="2-7_Implementation_Hierarchy_and_Priorities.html"/>
          <title value="2-7 Implementation Hierarchy and Priorities"/>
          <generation value="markdown"/>
        </page>
        <page>
          <nameUrl value="2-8_PDex_Data_Payloads.html"/>
          <title value="2-8 PDex Data Payloads"/>
          <generation value="markdown"/>
        </page>
      </page>
      <page>
        <nameUrl value="3_PDex_Implementation_Actors,_Interactions,_Data_Payloads_and_Methods.html"/>
        <title value="3 PDex Implementation Actors, Interactions, Data Payloads and Methods"/>
        <generation value="markdown"/>
        <page>
          <nameUrl value="3-1_Actors.html"/>
          <title value="3-1 Actors"/>
          <generation value="markdown"/>
        </page>
        <page>
          <nameUrl value="3-2_Exchange_Interactions.html"/>
          <title value="3-2 Exchange Interactions"/>
          <generation value="markdown"/>
        </page>
        <page>
          <nameUrl value="3-3_Data_Payloads.html"/>
          <title value="3-3 Data Payloads"/>
          <generation value="markdown"/>
        </page>
        <page>
          <nameUrl value="3-4_Interaction_Methods.html"/>
          <title value="3-4 Interaction Methods"/>
          <generation value="markdown"/>
        </page>
        <page>
          <nameUrl value="3-5_Interaction_and_Payload_Matrix.html"/>
          <title value="3-5 Interaction and Payload Matrix"/>
          <generation value="markdown"/>
        </page>
      </page>
      <page>
        <nameUrl value="4_Use_Case_Scenarios.html"/>
        <title value="4 Use Case Scenarios"/>
        <generation value="markdown"/>
        <page>
          <nameUrl value="4-1_Patient_Persona.html"/>
          <title value="4-1 Patient Persona"/>
          <generation value="markdown"/>
        </page>
        <page>
          <nameUrl value="4-2_Useful_Patient_History_for_Providers.html"/>
          <title value="4-2 Useful Patient History for Providers"/>
          <generation value="markdown"/>
        </page>
      </page>
      <page>
        <nameUrl value="5_Provider-controlled_Information_Requests_and_Filtering.html"/>
        <title value="5 Provider-controlled Information Requests and Filtering"/>
        <generation value="markdown"/>
      </page>
      <page>
        <nameUrl value="6_CDS-Hooks.html"/>
        <title value="6 CDS-Hooks"/>
        <generation value="markdown"/>
        <page>
          <nameUrl value="6-1_Support_for_FHIR_R4.html"/>
          <title value="6-1 Support for FHIR R4"/>
          <generation value="markdown"/>
        </page>
        <page>
          <nameUrl value="6-2_Additional_Hooks.html"/>
          <title value="6-2 Additional Hooks"/>
          <generation value="markdown"/>
        </page>
        <page>
          <nameUrl value="6-3_PDex_Hooks.html"/>
          <title value="6-3 PDex Hooks"/>
          <generation value="markdown"/>
        </page>
        <page>
          <nameUrl value="6-4_Hook_Configuration.html"/>
          <title value="6-4 Hook Configuration"/>
          <generation value="markdown"/>
        </page>
        <page>
          <nameUrl value="6-5_Systems.html"/>
          <title value="6-5 Systems"/>
          <generation value="markdown"/>
        </page>
        <page>
          <nameUrl value="6-6_Workflow_Examples.html"/>
          <title value="6-6 Workflow Examples"/>
          <generation value="markdown"/>
          <page>
            <nameUrl value="6-6-1_First_Visit_with_New_Provider.html"/>
            <title value="6-6-1 First Visit with New Provider"/>
            <generation value="markdown"/>
          </page>
          <page>
            <nameUrl value="6-6-2_Return_Visit_with_Provider.html"/>
            <title value="6-6-2 Return Visit with Provider"/>
            <generation value="markdown"/>
          </page>
          <page>
            <nameUrl value="6-6-3_FHIR_Profiles_and_CDS_Hooks_Context.html"/>
            <title value="6-6-3 FHIR Profiles and CDS Hooks Context"/>
            <generation value="markdown"/>
          </page>
        </page>
        <page>
          <nameUrl value="6-7_Providing_Data_Provenance.html"/>
          <title value="6-7 Providing Data Provenance"/>
          <generation value="markdown"/>
        </page>
      </page>
      <page>
        <nameUrl value="7_Credits.html"/>
        <title value="7 Credits"/>
        <generation value="markdown"/>
      </page>
    </page>
  </definition>
</ImplementationGuide>