<?xml version="1.0" encoding="UTF-8"?>

<Organization xmlns="http://hl7.org/fhir">
  <id value="2"/>
  <meta>
    <lastUpdated value="2019-12-12T09:14:11+00:00"/>
    <profile value="http://hl7.org/fhir/us/core/StructureDefinition/us-core-organization"/>
  </meta>
  <language value="en-US"/>
  <text>
    <status value="generated"/><div xmlns="http://www.w3.org/1999/xhtml" xml:lang="en-US" lang="en-US"><p><b>Generated Narrative</b></p><p><b>id</b>: 2</p><p><b>meta</b>: </p><p><b>language</b>: en-US</p><p><b>identifier</b>: National Provider Identifier: 345678, Payer ID: 901234</p><p><b>active</b>: true</p><p><b>name</b>: Payer 1</p></div>
  </text>
  <identifier>
    <type>
      <coding>
        <system value="http://hl7.org/fhir/us/davinci-pdex/CodeSystem/IdentifierTypeCS"/>
        <code value="npi"/>
      </coding>
    </type>
    <value value="345678"/>
  </identifier>
  <identifier>
    <type>
      <coding>
        <system value="http://hl7.org/fhir/us/davinci-pdex/CodeSystem/IdentifierTypeCS"/>
        <code value="payerid"/>
      </coding>
    </type>
    <value value="901234"/>
  </identifier>
  <active value="true"/>
  <name value="Payer 1"/>
</Organization>