<?xml version="1.0" encoding="UTF-8"?>

<Provenance xmlns="http://hl7.org/fhir">
  <id value="1000001"/>
  <meta>
    <versionId value="1"/>
    <lastUpdated value="2020-07-09T15:26:23.217+00:00"/>
    <profile value="http://hl7.org/fhir/us/davinci-pdex/StructureDefinition/pdex-provenance"/>
  </meta>
  <text>
    <status value="generated"/><div xmlns="http://www.w3.org/1999/xhtml"><p><b>Generated Narrative</b></p><p><b>id</b>: 1000001</p><p><b>meta</b>: </p><p><b>target</b>: <a href="Bundle-2000002.html">Generated Summary: id: 2000002; type: searchset; timestamp: Jul 16, 2020 4:26:23 PM; 2</a></p><p><b>recorded</b>: Jul 9, 2020 11:26:23 AM</p><h3>Agents</h3><table class="grid"><tr><td>-</td><td><b>Type</b></td><td><b>Who</b></td></tr><tr><td>*</td><td><span title="Codes: ">Transmitter</span></td><td><a href="Organization-2.html">Generated Summary: id: 2; language: en-US; National Provider Identifier = 345678, Payer ID = 901234; active; name: Payer 1</a></td></tr></table></div>
  </text>
  <target>
    <reference value="Bundle/2000002"/>
  </target>
  <recorded value="2020-07-09T15:26:23.217+00:00"/>
  <agent>
    <type>
      <coding>
        <code value="transmitter"/>
        <display value="Transmitter"/>
      </coding>
    </type>
    <who>
      <reference value="Organization/2"/>
    </who>
  </agent>
</Provenance>