<?xml version="1.0" encoding="UTF-8"?>

<ValueSet xmlns="http://hl7.org/fhir">
  <id value="ProvenancePayerSourceFormat"/>
  <text>
    <status value="generated"/><div xmlns="http://www.w3.org/1999/xhtml"><ul><li>Include all codes defined in <a href="CodeSystem-ProvenancePayerDataSource.html"><code>http://hl7.org/fhir/us/davinci-pdex/CodeSystem/ProvenancePayerDataSource</code></a></li></ul></div>
  </text>
  <url value="http://hl7.org/fhir/us/davinci-pdex/ValueSet/ProvenancePayerSourceFormat"/>
  <version value="0.1.19"/>
  <name value="ProvenancePayerSourceFormat"/>
  <title value="Payer source of data"/>
  <status value="active"/>
  <date value="2020-09-02T22:22:16-04:00"/>
  <contact>
    <name value="Mark Scrimshire (mark.scrimshire@onyxhealth.io)"/>
    <telecom>
      <system value="email"/>
      <value value="mailto:mark@ekivemark.com"/>
    </telecom>
  </contact>
  <contact>
    <name value="HL7 International - Financial Management"/>
    <telecom>
      <system value="url"/>
      <value value="http://www.hl7.org/Special/committees/fm"/>
    </telecom>
  </contact>
  <description value="Source Data formats used as the source for FHIR referenced record by the Payer."/>
  <jurisdiction>
    <coding>
      <system value="urn:iso:std:iso:3166"/>
      <code value="US"/>
    </coding>
  </jurisdiction>
  <compose>
    <include>
      <system value="http://hl7.org/fhir/us/davinci-pdex/CodeSystem/ProvenancePayerDataSource"/>
    </include>
  </compose>
</ValueSet>