{"resourceType":"ImplementationGuide","id":"hl7.fhir.us.davinci-pdex-0.0.9.260","meta":{"versionId":"261","lastUpdated":"2019-06-14T12:00:15.000-04:00","security":[{"system":"https://trifolia-fhir.lantanagroup.com/security","code":"everyone^read"},{"system":"https://trifolia-fhir.lantanagroup.com/security","code":"everyone^write"}]},"text":{"status":"generated","div":"<div xmlns=\"http://www.w3.org/1999/xhtml\"><h2>DaVinciPayerDataExchange</h2><p>The official URL for this implementation guide is: </p><pre>http://hl7.org/fhir/us/davinci-pdex/ImplementationGuide/davinci-pdex</pre><div><p>This specification is currently undergoing ballot and connectathon testing. It is expected to evolve, possibly significantly, as part of that process.\nFeedback is welcome and may be submitted through the FHIR gForge tracker indicating US Da Vinci PDex as the specification. If balloting on this IG, please submit your comments via the tracker and just reference them in your ballot submission implementation guide.</p>\n<p><a href=\"https://confluence.hl7.org/display/FM/Financial+Management+Home\">Financial Management</a> is the Sponsoring Work Group for this Implementation Guide.</p>\n<p><strong>The Payer Data Exchange (PDex) Implementation Guide (IG) is provided for Payers/Health Plans to enable them to create a Member's Health History using clinical resources (based on US Core Profiles based on FHIR R4) which can be understood by providers and, if they choose to, committed to their Electronic Medical Records (EMR) System.</strong></p>\n<p>This IG uses the same Member Health History &quot;payload&quot; for member-authorized exchange of information with other Health Plans and with Third-Party Applications. It describes the interaction patters that, when followed, allow the various parties involved in managing healthcare and payer data to more easily integrate and exchange data securely and effectively.</p>\n<p>This IG covers the exchange of:</p>\n<ul>\n<li>Claims-based information</li>\n<li>Clinical Information (such as Lab Results, Allergies and Conditions)</li>\n</ul>\n<p>This IG covers the exchange of this information using US Core and Da Vinci Health Record Exchange (HRex) Profiles. This superset of clinical profiles forms the Health Plan Member's Health History.</p>\n<p>This IG covers the exchange of a Member's Health History in the following scenarios:</p>\n<ul>\n<li>Provider requested Provider-Health Plan Exchange using CDS-Hooks and SMART-on-FHIR</li>\n<li>Member-authorized Health Plan to Health Plan exchange</li>\n<li>Member-authorized Health Plan to Third-Party Application exchange</li>\n</ul>\n<p>The latter two scenarios are provided to meet the requirements identified in the CMS Interoperability Notice for Proposed Rule Making issued on February 11, 2019.</p>\n<p><strong>There are items in this guide that are subject to update</strong>. This includes:</p>\n<ul>\n<li>Value Sets</li>\n<li>Vocabularies (X12, NUBC etc.)</li>\n<li>Examples</li>\n</ul>\n<p><strong>The Vocabulary, Value Sets and codings used to express data in this IG are subject to review and will be reconciled with</strong>  <a href=\"http://www.x12.org\">X12</a>.</p>\n<p>See the <a href=\"toc.html\">Table of Contents</a> for more information.</p>\n<h4>Latest Changes</h4>\n<ul>\n<li>(255) Adding Previous / Next Page Links to narrative thru section 3</li>\n<li>(254) Add CDS Hooks Justification, revisions per review comments.</li>\n<li>(245) Add section 4-8 sub-content links</li>\n<li>(243) Add FM as sponsoring workgroup to description</li>\n<li>(241) Section 3 sub-content link</li>\n<li>(238) Section 3 content links</li>\n<li>(235) Section 2 content links</li>\n<li>(234) Updating Capability Statement Page</li>\n<li>(228) Add MedicationDispense</li>\n<li>(221) Fix relative links</li>\n<li>(207) Data mapping updates.</li>\n<li>(204) Image updates. Minor changes through 3-5.</li>\n<li>(200) Added to section 7. Updated OAuth2.0 Member-authorized exchange diagram</li>\n</ul>\n</div></div>"},"url":"http://hl7.org/fhir/us/davinci-pdex/ImplementationGuide/davinci-pdex","version":"0.0.9.260","name":"DaVinciPayerDataExchange","status":"draft","publisher":"HL7 Da Vinci","contact":[{"name":"Mark Scrimshire (mark@ekivemark.com)"}],"description":"This specification is currently undergoing ballot and connectathon testing. It is expected to evolve, possibly significantly, as part of that process.\nFeedback is welcome and may be submitted through the FHIR gForge tracker indicating US Da Vinci PDex as the specification. If balloting on this IG, please submit your comments via the tracker and just reference them in your ballot submission implementation guide.\n\n[Financial Management](https://confluence.hl7.org/display/FM/Financial+Management+Home) is the Sponsoring Work Group for this Implementation Guide.\n\n**The Payer Data Exchange (PDex) Implementation Guide (IG) is provided for Payers/Health Plans to enable them to create a Member's Health History using clinical resources (based on US Core Profiles based on FHIR R4) which can be understood by providers and, if they choose to, committed to their Electronic Medical Records (EMR) System.**\n\nThis IG uses the same Member Health History \"payload\" for member-authorized exchange of information with other Health Plans and with Third-Party Applications. It describes the interaction patters that, when followed, allow the various parties involved in managing healthcare and payer data to more easily integrate and exchange data securely and effectively.\n\nThis IG covers the exchange of:\n- Claims-based information\n- Clinical Information (such as Lab Results, Allergies and Conditions)\n\nThis IG covers the exchange of this information using US Core and Da Vinci Health Record Exchange (HRex) Profiles. This superset of clinical profiles forms the Health Plan Member's Health History. \n\nThis IG covers the exchange of a Member's Health History in the following scenarios:\n- Provider requested Provider-Health Plan Exchange using CDS-Hooks and SMART-on-FHIR\n- Member-authorized Health Plan to Health Plan exchange\n- Member-authorized Health Plan to Third-Party Application exchange\n\nThe latter two scenarios are provided to meet the requirements identified in the CMS Interoperability Notice for Proposed Rule Making issued on February 11, 2019.\n\n**There are items in this guide that are subject to update**. This includes:\n- Value Sets\n- Vocabularies (X12, NUBC etc.)\n- Examples\n\n**The Vocabulary, Value Sets and codings used to express data in this IG are subject to review and will be reconciled with**  [X12](http://www.x12.org).\n\nSee the [Table of Contents](toc.html) for more information.\n\n#### Latest Changes\n- (255) Adding Previous / Next Page Links to narrative thru section 3\n- (254) Add CDS Hooks Justification, revisions per review comments. \n- (245) Add section 4-8 sub-content links\n- (243) Add FM as sponsoring workgroup to description\n- (241) Section 3 sub-content link\n- (238) Section 3 content links\n- (235) Section 2 content links\n- (234) Updating Capability Statement Page\n- (228) Add MedicationDispense\n- (221) Fix relative links\n- (207) Data mapping updates.\n- (204) Image updates. Minor changes through 3-5.\n- (200) Added to section 7. Updated OAuth2.0 Member-authorized exchange diagram\n\n","fhirVersion":"4.0.0","dependency":[{"type":"reference","uri":"http://hl7.org/fhir/us/davinci-hrex/ImplementationGuide/davinci-hrex"},{"type":"reference","uri":"http://hl7.org/fhir/us/core-r4/ImplementationGuide/ig"}],"page":{"source":"toc.md","title":"Table of Contents","kind":"resource","page":[{"source":"1_Home_Page.html","title":"1 Home Page","kind":"resource","page":[{"source":"1-1_Overview.html","title":"1-1 Overview","kind":"resource"},{"source":"1-2_Conventions.html","title":"1-2 Conventions","kind":"resource"}]},{"source":"2_Introduction.html","title":"2 Introduction","kind":"resource","page":[{"source":"2-1_Implementation_Guide_Scope.html","title":"2-1 Implementation Guide Scope","kind":"resource"},{"source":"2-2_Member_Consent.html","title":"2-2 Member Consent","kind":"resource"},{"source":"2-3_FHIR.html","title":"2-3 FHIR","kind":"resource"},{"source":"2-4_Supporting_Specifications.html","title":"2-4 Supporting Specifications","kind":"resource"},{"source":"2-5_Implementation_Assumptions.html","title":"2-5 Implementation Assumptions","kind":"resource"},{"source":"2-6_Implementation_Hierarchy_and_Priorities.html","title":"2-6 Implementation Hierarchy and Priorities","kind":"resource"},{"source":"2-7_PDex_Data_Payloads.html","title":"2-7 PDex Data Payloads","kind":"resource"}]},{"source":"3_PDex_Implementation_Actors,_Interactions,_Data_Payloads_and_Methods.html","title":"3 PDex Implementation Actors, Interactions, Data Payloads and Methods","kind":"resource","page":[{"source":"3-1_Actors.html","title":"3-1 Actors","kind":"resource"},{"source":"3-2_Exchange_Interactions.html","title":"3-2 Exchange Interactions","kind":"resource"},{"source":"3-3_Data_Payloads.html","title":"3-3 Data Payloads","kind":"resource"},{"source":"3-4_Interaction_Methods.html","title":"3-4 Interaction Methods","kind":"resource"},{"source":"3-5_Interaction_and_Payload_Matrix.html","title":"3-5 Interaction and Payload Matrix","kind":"resource"},{"source":"3-6_Data_Mapping.html","title":"3-6 Data Mapping","kind":"resource","page":[{"source":"3-6-1_US_Core_Patient.html","title":"3-6-1 US Core Patient","kind":"resource"},{"source":"3-6-2_Coverage.html","title":"3-6-2 Coverage","kind":"resource"},{"source":"3-6-3_US_Core_Encounter.html","title":"3-6-3 US Core Encounter","kind":"resource"},{"source":"3-6-4_US_Core_Location.html","title":"3-6-4 US Core Location","kind":"resource"},{"source":"3-6-5_MedicationDispense.html","title":"3-6-5 MedicationDispense","kind":"resource"},{"source":"3-6-6_US_Core_Practitioner.html","title":"3-6-6 US Core Practitioner","kind":"resource"},{"source":"3-6-7_US_Core_Procedure.html","title":"3-6-7 US Core Procedure","kind":"resource"},{"source":"3-6-8_US_Core_Condition.html","title":"3-6-8 US Core Condition","kind":"resource"},{"source":"3-6-9_US_Core_AllergyIntolerance.html","title":"3-6-9 US Core AllergyIntolerance","kind":"resource"},{"source":"3-6-10_US_Core_Immunization.html","title":"3-6-10 US Core Immunization","kind":"resource"},{"source":"3-6-11_US_Core_DiagnosticReport.html","title":"3-6-11 US Core DiagnosticReport","kind":"resource"},{"source":"3-6-12_US_Core_Observation.html","title":"3-6-12 US Core Observation","kind":"resource"},{"source":"3-6-13_US_Core_DocumentReference.html","title":"3-6-13 US Core DocumentReference","kind":"resource"},{"source":"3-6-14_US_Core_PractitionerRole.html","title":"3-6-14 US Core PractitionerRole","kind":"resource"},{"source":"3-6-15_US_Core_Device.html","title":"3-6-15 US Core Device","kind":"resource"},{"source":"3-6-16_US_Core_Organization.html","title":"3-6-16 US Core Organization","kind":"resource"},{"source":"3-6-17_US_Core_CarePlan.html","title":"3-6-17 US Core CarePlan","kind":"resource"},{"source":"3-6-18_US_Core_CareTeam.html","title":"3-6-18 US Core CareTeam","kind":"resource"},{"source":"3-6-19_US_Core_Medication.html","title":"3-6-19 US Core Medication","kind":"resource"},{"source":"3-6-20_US_Core_MedicationRequest.html","title":"3-6-20 US Core MedicationRequest","kind":"resource"},{"source":"3-6-21_US_Core_MedicationStatement.html","title":"3-6-21 US Core MedicationStatement","kind":"resource"},{"source":"3-6-22_US_Core_Goal_Profile.html","title":"3-6-22 US Core Goal Profile","kind":"resource"}]}]},{"source":"4_Use_Case_Scenarios.html","title":"4 Use Case Scenarios","kind":"resource","page":[{"source":"4-1_Patient_Persona.html","title":"4-1 Patient Persona","kind":"resource"},{"source":"4-2_Useful_Patient_History_for_Providers.html","title":"4-2 Useful Patient History for Providers","kind":"resource"}]},{"source":"5_Provider-controlled_Information_Requests_and_Filtering.html","title":"5 Provider-controlled Information Requests and Filtering","kind":"resource"},{"source":"6_CDS-Hooks.html","title":"6 CDS-Hooks","kind":"resource","page":[{"source":"6-1_Support_for_FHIR_R4.html","title":"6-1 Support for FHIR R4","kind":"resource"},{"source":"6-2_Additional_or_Modified_Hooks.html","title":"6-2 Additional or Modified Hooks","kind":"resource"},{"source":"6-3_PDex_Hooks.html","title":"6-3 PDex Hooks","kind":"resource"},{"source":"6-4_Hook_Configuration.html","title":"6-4 Hook Configuration","kind":"resource"},{"source":"6-5_Systems.html","title":"6-5 Systems","kind":"resource"},{"source":"6-6_Workflow_Examples.html","title":"6-6 Workflow Examples","kind":"resource","page":[{"source":"6-6-1_First_Visit_with_New_Provider.html","title":"6-6-1 First Visit with New Provider","kind":"resource"},{"source":"6-6-2_Return_Visit_with_Provider.html","title":"6-6-2 Return Visit with Provider","kind":"resource"},{"source":"6-6-3_FHIR_Profiles_and_CDS_Hooks_Context.html","title":"6-6-3 FHIR Profiles and CDS Hooks Context","kind":"resource"}]},{"source":"6-7_Handling_Data_Provenance.html","title":"6-7 Handling Data Provenance","kind":"resource"}]},{"source":"7_Member-Authorized_OAuth2_Exchange.html","title":"7 Member-Authorized OAuth2 Exchange","kind":"resource"},{"source":"8_Credits.html","title":"8 Credits","kind":"resource"},{"source":"capstatements.md.html","title":"capstatements.md","kind":"resource"}]}}