{"resourceType":"ImplementationGuide","id":"hl7.fhir.us.davinci-pdex-0.0.9.3","meta":{"versionId":"106","lastUpdated":"2019-04-19T11:58:11.000-04:00"},"text":{"status":"generated","div":"<div xmlns=\"http://www.w3.org/1999/xhtml\"><h2>DaVinciPayerDataExchange</h2><p>The official URL for this implementation guide is: </p><pre>http://hl7.org/fhir/us/davinci-pdex/ImplementationGuide/davinci-pdex</pre><div><p>This specification is currently undergoing ballot and connectathon testing. It is expected to evolve, possibly significantly, as part of that process.\nFeedback is welcome and may be submitted through the FHIR gForge tracker indicating US Da Vinci PDex as the specification. If balloting on this IG, please submit your comments via the tracker and just reference them in your ballot submission implementation guide.</p>\n<p>See the <a href=\"toc.html\">Table of Contents</a> for more information.</p>\n</div></div>"},"url":"http://hl7.org/fhir/us/davinci-pdex/ImplementationGuide/davinci-pdex","version":"0.0.9.3","name":"DaVinciPayerDataExchange","status":"draft","experimental":true,"publisher":"HL7 Da Vinci","description":"This specification is currently undergoing ballot and connectathon testing. It is expected to evolve, possibly significantly, as part of that process.\nFeedback is welcome and may be submitted through the FHIR gForge tracker indicating US Da Vinci PDex as the specification. If balloting on this IG, please submit your comments via the tracker and just reference them in your ballot submission implementation guide.\n\nSee the [Table of Contents](toc.html) for more information.","fhirVersion":"4.0.0","dependency":[{"type":"reference","uri":"http://hl7.org/fhir/us/davinci-hrex/ImplementationGuide/davinci-hrex"}],"page":{"source":"toc.md","title":"Table of Contents","kind":"resource","page":[{"source":"Home_Page.html","title":"Home Page","kind":"resource","page":[{"source":"Overview.html","title":"Overview","kind":"resource"}]},{"source":"Introduction.html","title":"Introduction","kind":"resource","page":[{"source":"Implementation_Guide_Scope.html","title":"Implementation Guide Scope","kind":"resource"},{"source":"Member_Consent.html","title":"Member Consent","kind":"resource"},{"source":"Conventions.html","title":"Conventions","kind":"resource"},{"source":"FHIR.html","title":"FHIR","kind":"resource"},{"source":"Supporting_Specifications.html","title":"Supporting Specifications","kind":"resource"},{"source":"Implementation_Assumptions.html","title":"Implementation Assumptions","kind":"resource"},{"source":"Implementation_Hierarchy_and_Priorities.html","title":"Implementation Hierarchy and Priorities","kind":"resource"},{"source":"PDex_Data_Payloads.html","title":"PDex Data Payloads","kind":"resource"}]},{"source":"PDex_Implementation_Actors,_Interactions,_Data_Payloads_and_Methods.html","title":"PDex Implementation Actors, Interactions, Data Payloads and Methods","kind":"resource","page":[{"source":"Actors.html","title":"Actors","kind":"resource"},{"source":"Exchange_Interactions.html","title":"Exchange Interactions","kind":"resource"},{"source":"Data_Payloads.html","title":"Data Payloads","kind":"resource"},{"source":"Interaction_Methods.html","title":"Interaction Methods","kind":"resource"},{"source":"Interaction_and_Payload_Matrix.html","title":"Interaction and Payload Matrix","kind":"resource"}]},{"source":"Use_Case_Scenarios.html","title":"Use Case Scenarios","kind":"resource","page":[{"source":"Patient_Persona.html","title":"Patient Persona","kind":"resource"},{"source":"Useful_Patient_History_for_Providers.html","title":"Useful Patient History for Providers","kind":"resource"}]},{"source":"Provider-controlled_Information_Requests_and_Filtering.html","title":"Provider-controlled Information Requests and Filtering","kind":"resource"},{"source":"CDS-Hooks.html","title":"CDS-Hooks","kind":"resource","page":[{"source":"Support_for_FHIR_R4.html","title":"Support for FHIR R4","kind":"resource"},{"source":"Additional_Hooks.html","title":"Additional Hooks","kind":"resource"},{"source":"PDex_Hooks.html","title":"PDex Hooks","kind":"resource"},{"source":"Hook_Configuration.html","title":"Hook Configuration","kind":"resource"},{"source":"Systems.html","title":"Systems","kind":"resource"},{"source":"Workflow_Examples.html","title":"Workflow Examples","kind":"resource","page":[{"source":"FHIR_Profiles_and_CDS_Hooks_Context.html","title":"FHIR Profiles and CDS Hooks Context","kind":"resource","page":[{"source":"SMART-on-FHIR_app_for_Provider_data_selection.html","title":"SMART-on-FHIR app for Provider data selection","kind":"resource"}]}]},{"source":"Providing_Data_Provenance.html","title":"Providing Data Provenance","kind":"resource"}]},{"source":"Credits.html","title":"Credits","kind":"resource"}]}}