[
  {
    "id": "PdexServerCapabilityStatement",
    "type": "CapabilityStatement",
    "url": "http://hl7.org/fhir/us/davinci-pdex/CapabilityStatement/PdexServerCapabilityStatement",
    "version": "0.1.27"
  },
  {
    "id": "IdentifierTypeCS",
    "type": "CodeSystem",
    "url": "http://hl7.org/fhir/us/davinci-pdex/CodeSystem/IdentifierTypeCS",
    "version": "0.1.27",
    "name": "IdentifierTypeCS"
  },
  {
    "id": "ProvenanceAgentRoleType",
    "type": "CodeSystem",
    "url": "http://hl7.org/fhir/us/davinci-pdex/CodeSystem/ProvenanceAgentRoleType",
    "version": "0.1.27",
    "name": "ProvenanceAgentRoleType"
  },
  {
    "id": "ProvenancePayerDataSource",
    "type": "CodeSystem",
    "url": "http://hl7.org/fhir/us/davinci-pdex/CodeSystem/ProvenancePayerDataSource",
    "version": "0.1.27",
    "name": "ProvenancePayerDataSource"
  },
  {
    "id": "hl7.fhir.us.davinci-pdex",
    "type": "ImplementationGuide",
    "url": "http://hl7.org/fhir/us/davinci-pdex/ImplementationGuide/hl7.fhir.us.davinci-pdex",
    "version": "0.1.27",
    "name": "DaVinciPayerDataExchange"
  },
  {
    "id": "DispenseRefill",
    "type": "StructureDefinition",
    "url": "http://hl7.org/fhir/us/davinci-pdex/StructureDefinition/DispenseRefill",
    "version": "0.1.27",
    "name": "DispenseRefill"
  },
  {
    "id": "ProvenanceSourceFrom",
    "type": "StructureDefinition",
    "url": "http://hl7.org/fhir/us/davinci-pdex/StructureDefinition/ProvenanceSourceFrom",
    "version": "0.1.27",
    "name": "ProvenanceSourceFrom"
  },
  {
    "id": "hrex-coverage",
    "type": "StructureDefinition",
    "url": "http://hl7.org/fhir/us/davinci-pdex/StructureDefinition/hrex-coverage",
    "version": "0.1.27",
    "name": "HrexCoverage"
  },
  {
    "id": "pdex-device",
    "type": "StructureDefinition",
    "url": "http://hl7.org/fhir/us/davinci-pdex/StructureDefinition/pdex-device",
    "version": "0.1.27",
    "name": "PdexDevice"
  },
  {
    "id": "pdex-medicationdispense",
    "type": "StructureDefinition",
    "url": "http://hl7.org/fhir/us/davinci-pdex/StructureDefinition/pdex-medicationdispense",
    "version": "0.1.27",
    "name": "PdexMedicationDispense"
  },
  {
    "id": "pdex-provenance",
    "type": "StructureDefinition",
    "url": "http://hl7.org/fhir/us/davinci-pdex/StructureDefinition/pdex-provenance",
    "version": "0.1.27",
    "name": "PdexEntitySourceProvenance"
  },
  {
    "id": "FDANationalDrugCode",
    "type": "ValueSet",
    "url": "http://hl7.org/fhir/us/davinci-pdex/ValueSet/FDANationalDrugCode",
    "version": "0.1.27",
    "name": "FDANationalDrugCode"
  },
  {
    "id": "ProvenanceAgentType",
    "type": "ValueSet",
    "url": "http://hl7.org/fhir/us/davinci-pdex/ValueSet/ProvenanceAgentType",
    "version": "0.1.27",
    "name": "ProvenanceAgentType"
  },
  {
    "id": "ProvenancePayerSourceFormat",
    "type": "ValueSet",
    "url": "http://hl7.org/fhir/us/davinci-pdex/ValueSet/ProvenancePayerSourceFormat",
    "version": "0.1.27",
    "name": "ProvenancePayerSourceFormat"
  }
]