<?xml version="1.0" encoding="UTF-8"?>

<CodeSystem xmlns="http://hl7.org/fhir">
  <id value="EndpointFhirMimeTypeCS"/>
  <text>
    <status value="generated"/><div xmlns="http://www.w3.org/1999/xhtml"><p>This case-sensitive code system <code>http://hl7.org/fhir/us/davinci-pdex/CodeSystem/EndpointFhirMimeTypeCS</code> defines the following codes:</p><table class="codes"><tr><td style="white-space:nowrap"><b>Code</b></td><td><b>Display</b></td></tr><tr><td style="white-space:nowrap">application/fhir+json<a name="EndpointFhirMimeTypeCS-application.47fhir.43json"> </a></td><td>fhr+json</td></tr><tr><td style="white-space:nowrap">application/fhir+xml<a name="EndpointFhirMimeTypeCS-application.47fhir.43xml"> </a></td><td>fhir+xml</td></tr><tr><td style="white-space:nowrap">application/fhir+turtle<a name="EndpointFhirMimeTypeCS-application.47fhir.43turtle"> </a></td><td>fhir+turtle</td></tr></table></div>
  </text>
  <extension url="http://hl7.org/fhir/StructureDefinition/structuredefinition-wg">
    <valueCode value="fm"/>
  </extension>
  <url value="http://hl7.org/fhir/us/davinci-pdex/CodeSystem/EndpointFhirMimeTypeCS"/>
  <version value="2.0.0"/>
  <name value="EndpointFhirMimeTypeCS"/>
  <title value="Endpoint FHIR MimeType Code System"/>
  <status value="draft"/>
  <experimental value="false"/>
  <date value="2024-01-04T18:04:41-05:00"/>
  <publisher value="HL7 International / Financial Management"/>
  <contact>
    <name value="HL7 International / Financial Management"/>
    <telecom>
      <system value="url"/>
      <value value="http://www.hl7.org/Special/committees/fm"/>
    </telecom>
    <telecom>
      <system value="email"/>
      <value value="fm@lists.HL7.org"/>
    </telecom>
  </contact>
  <contact>
    <name value="Mark Scrimshire (mark.scrimshire@onyxhealth.io)"/>
    <telecom>
      <system value="email"/>
      <value value="mailto:mark.scrimshire@onyxhealth.io"/>
    </telecom>
  </contact>
  <contact>
    <name value="HL7 International - Financial Management"/>
    <telecom>
      <system value="url"/>
      <value value="http://www.hl7.org/Special/committees/fm"/>
    </telecom>
  </contact>
  <description value="Endpoint FHIR MimeType"/>
  <jurisdiction>
    <coding>
      <system value="urn:iso:std:iso:3166"/>
      <code value="US"/>
      <display value="United States of America"/>
    </coding>
  </jurisdiction>
  <caseSensitive value="true"/>
  <content value="complete"/>
  <count value="3"/>
  <concept>
    <code value="application/fhir+json"/>
    <display value="fhr+json"/>
  </concept>
  <concept>
    <code value="application/fhir+xml"/>
    <display value="fhir+xml"/>
  </concept>
  <concept>
    <code value="application/fhir+turtle"/>
    <display value="fhir+turtle"/>
  </concept>
</CodeSystem>