{
  "resourceType" : "CodeSystem",
  "id" : "PriorAuthorizationValueCodes",
  "text" : {
    "status" : "generated",
    "div" : "<div xmlns=\"http://www.w3.org/1999/xhtml\"><p>This case-insensitive code system <code>http://hl7.org/fhir/us/davinci-pdex/CodeSystem/PriorAuthorizationValueCodes</code> defines the following codes:</p><table class=\"codes\"><tr><td style=\"white-space:nowrap\"><b>Code</b></td><td><b>Display</b></td><td><b>Definition</b></td></tr><tr><td style=\"white-space:nowrap\">submitted<a name=\"PriorAuthorizationValueCodes-submitted\"> </a></td><td>Submitted</td><td>Proposed amounts of units or services</td></tr><tr><td style=\"white-space:nowrap\">eligible<a name=\"PriorAuthorizationValueCodes-eligible\"> </a></td><td>Eligible</td><td>Eligible/agreed items or services</td></tr><tr><td style=\"white-space:nowrap\">utilized<a name=\"PriorAuthorizationValueCodes-utilized\"> </a></td><td>Utilized</td><td>Amount of items or services consumed to date</td></tr></table></div>"
  },
  "extension" : [{
    "url" : "http://hl7.org/fhir/StructureDefinition/structuredefinition-wg",
    "valueCode" : "fm"
  }],
  "url" : "http://hl7.org/fhir/us/davinci-pdex/CodeSystem/PriorAuthorizationValueCodes",
  "version" : "2.0.0",
  "name" : "PriorAuthorizationValueCodes",
  "title" : "Prior Authorization Values",
  "status" : "draft",
  "experimental" : true,
  "date" : "2024-01-05T09:17:00-05:00",
  "publisher" : "HL7 International / Financial Management",
  "contact" : [{
    "name" : "HL7 International / Financial Management",
    "telecom" : [{
      "system" : "url",
      "value" : "http://www.hl7.org/Special/committees/fm"
    },
    {
      "system" : "email",
      "value" : "fm@lists.HL7.org"
    }]
  },
  {
    "name" : "Mark Scrimshire (mark.scrimshire@onyxhealth.io)",
    "telecom" : [{
      "system" : "email",
      "value" : "mailto:mark.scrimshire@onyxhealth.io"
    }]
  },
  {
    "name" : "HL7 International - Financial Management",
    "telecom" : [{
      "system" : "url",
      "value" : "http://www.hl7.org/Special/committees/fm"
    }]
  }],
  "description" : "Codes used to define Prior Authorization categories",
  "jurisdiction" : [{
    "coding" : [{
      "system" : "urn:iso:std:iso:3166",
      "code" : "US",
      "display" : "United States of America"
    }]
  }],
  "caseSensitive" : false,
  "content" : "complete",
  "count" : 3,
  "concept" : [{
    "code" : "submitted",
    "display" : "Submitted",
    "definition" : "Proposed amounts of units or services"
  },
  {
    "code" : "eligible",
    "display" : "Eligible",
    "definition" : "Eligible/agreed items or services"
  },
  {
    "code" : "utilized",
    "display" : "Utilized",
    "definition" : "Amount of items or services consumed to date"
  }]
}