<?xml version="1.0" encoding="UTF-8"?>

<Encounter xmlns="http://hl7.org/fhir">
  <id value="6"/>
  <meta>
    <lastUpdated value="2020-07-14T19:26:23.217+00:00"/>
    <profile value="http://hl7.org/fhir/us/core/StructureDefinition/us-core-encounter"/>
  </meta>
  <text>
    <status value="generated"/><div xmlns="http://www.w3.org/1999/xhtml"><p><b>Generated Narrative</b></p><p><b>id</b>: 6</p><p><b>meta</b>: </p><p><b>status</b>: finished</p><p><b>class</b>: <span title="{http://terminology.hl7.org/CodeSystem/v3-ActCode AMB}">Ambulatory</span></p><p><b>type</b>: <span title="Codes: ">Consultation</span></p><p><b>subject</b>: <a href="Patient-1.html">Generated Summary: id: 1; language: en-US; mb = https://www.xxxhealthplan.com/fhir/memberidentifier#1234-234-1243-12345678901, mr = 1234-234-1243-12345678901m, um = 1234-234-1243-12345678901u, pt = 1234-234-1243-12345678901a; active; Johnny Appleseed ; ph: (410)678-2323; gender: male; birthDate: 1986-01-01; <span title="Codes: {http://terminology.hl7.org/CodeSystem/v3-NullFlavor UNK}">unknown</span></a></p></div>
  </text>
  <status value="finished"/>
  <class>
    <system value="http://terminology.hl7.org/CodeSystem/v3-ActCode"/>
    <code value="AMB"/>
    <display value="Ambulatory"/>
  </class>
  <type>
    <coding>
      <code value="11429006"/>
      <display value="Consultation"/>
    </coding>
  </type>
  <subject>
    <reference value="Patient/1"/>
  </subject>
</Encounter>