<?xml version="1.0" encoding="UTF-8"?>

<Bundle xmlns="http://hl7.org/fhir">
  <id value="27235a4d-d0b2-4fef-8411-93f959195391"/>
  <meta>
    <lastUpdated value="2020-08-18T23:33:38.923-04:00"/>
  </meta>
  <type value="collection"/>
  <entry>
    <fullUrl value="http://hl7.org/fhir/us/davinci-pdex/ValueSet/ProvenanceAgentType"/>
    <resource>
      <ValueSet>
        <id value="ProvenanceAgentType"/>
        <text>
          <status value="generated"/>
          <div xmlns="http://www.w3.org/1999/xhtml">
            <p>This value set contains 3 concepts</p>
            <p style="border: black 1px dotted; background-color: #EEEEEE; padding: 8px; margin-bottom: 8px">Expansion based on 
              <a href="CodeSystem-ProvenanceAgentRoleType.html">Provenance Roles v0.1.16 (CodeSystem)</a>
            </p>
            <p>All codes from system 
              <a href="CodeSystem-ProvenanceAgentRoleType.html">
                <code>http://hl7.org/fhir/us/davinci-pdex/CodeSystem/ProvenanceAgentRoleType</code>
              </a>
            </p>
            <table class="codes">
              <tr>
                <td style="white-space:nowrap">
                  <b>Code</b>
                </td>
                <td>
                  <b>Display</b>
                </td>
                <td>
                  <b>Definition</b>
                </td>
              </tr>
              <tr>
                <td style="white-space:nowrap">
                  <a name="http---hl7.org-fhir-us-davinci-pdex-CodeSystem-ProvenanceAgentRoleType-author"> </a>
                  <a href="CodeSystem-ProvenanceAgentRoleType.html#ProvenanceAgentRoleType-author">author</a>
                </td>
                <td>Author</td>
                <td>Person or entity that originated the referenced resource</td>
              </tr>
              <tr>
                <td style="white-space:nowrap">
                  <a name="http---hl7.org-fhir-us-davinci-pdex-CodeSystem-ProvenanceAgentRoleType-source"> </a>
                  <a href="CodeSystem-ProvenanceAgentRoleType.html#ProvenanceAgentRoleType-source">source</a>
                </td>
                <td>Source</td>
                <td>Organization, Practitioner or Payer who was the source of the referenced resource</td>
              </tr>
              <tr>
                <td style="white-space:nowrap">
                  <a name="http---hl7.org-fhir-us-davinci-pdex-CodeSystem-ProvenanceAgentRoleType-transmitter"> </a>
                  <a href="CodeSystem-ProvenanceAgentRoleType.html#ProvenanceAgentRoleType-transmitter">transmitter</a>
                </td>
                <td>Transmitter</td>
                <td>Provenance Transmitter</td>
              </tr>
            </table>
          </div>
        </text>
        <url value="http://hl7.org/fhir/us/davinci-pdex/ValueSet/ProvenanceAgentType"/>
        <version value="0.1.16"/>
        <name value="ProvenanceAgentType"/>
        <title value="Provenance Agent Type"/>
        <status value="active"/>
        <date value="2020-08-18T23:33:38-04:00"/>
        <contact>
          <name value="Mark Scrimshire (mark.scrimshire@onyxhealth.io)"/>
          <telecom>
            <system value="email"/>
            <value value="mailto:mark@ekivemark.com"/>
          </telecom>
        </contact>
        <contact>
          <name value="HL7 International - Financial Management"/>
          <telecom>
            <system value="url"/>
            <value value="http://www.hl7.org/Special/committees/fm"/>
          </telecom>
        </contact>
        <description value="Agent role performed relating to referenced resource"/>
        <jurisdiction>
          <coding>
            <system value="urn:iso:std:iso:3166"/>
            <code value="US"/>
          </coding>
        </jurisdiction>
        <expansion>
          <identifier value="urn:uuid:4bc70bd9-829c-431c-ad24-ae4e58d1baa9"/>
          <timestamp value="2020-08-18T23:33:56-04:00"/>
          <total value="3"/>
          <parameter>
            <name value="excludeNested"/>
            <valueBoolean value="false"/>
          </parameter>
          <parameter>
            <name value="version"/>
            <valueUri value="http://hl7.org/fhir/us/davinci-pdex/CodeSystem/ProvenanceAgentRoleType|0.1.16"/>
          </parameter>
          <contains>
            <system value="http://hl7.org/fhir/us/davinci-pdex/CodeSystem/ProvenanceAgentRoleType"/>
            <code value="author"/>
            <display value="Author"/>
          </contains>
          <contains>
            <system value="http://hl7.org/fhir/us/davinci-pdex/CodeSystem/ProvenanceAgentRoleType"/>
            <code value="source"/>
            <display value="Source"/>
          </contains>
          <contains>
            <system value="http://hl7.org/fhir/us/davinci-pdex/CodeSystem/ProvenanceAgentRoleType"/>
            <code value="transmitter"/>
            <display value="Transmitter"/>
          </contains>
        </expansion>
      </ValueSet>
    </resource>
  </entry>
  <entry>
    <fullUrl value="http://hl7.org/fhir/us/davinci-pdex/ValueSet/ProvenancePayerConversionSource"/>
    <resource>
      <ValueSet>
        <id value="ProvenancePayerConversionSource"/>
        <text>
          <status value="generated"/>
          <div xmlns="http://www.w3.org/1999/xhtml">
            <p>This value set contains 21 concepts</p>
            <p style="border: black 1px dotted; background-color: #EEEEEE; padding: 8px; margin-bottom: 8px">Expansion based on 
              <a href="CodeSystem-ProvenancePayerDataSource.html">Provenance Payer Conversion Source Format v0.1.16 (CodeSystem)</a>
            </p>
            <p>All codes from system 
              <a href="CodeSystem-ProvenancePayerDataSource.html">
                <code>http://hl7.org/fhir/us/davinci-pdex/CodeSystem/ProvenancePayerDataSource</code>
              </a>
            </p>
            <table class="codes">
              <tr>
                <td style="white-space:nowrap">
                  <b>Code</b>
                </td>
                <td>
                  <b>Display</b>
                </td>
                <td>
                  <b>Definition</b>
                </td>
              </tr>
              <tr>
                <td style="white-space:nowrap">
                  <a name="http---hl7.org-fhir-us-davinci-pdex-CodeSystem-ProvenancePayerDataSource-hl7v2other"> </a>
                  <a href="CodeSystem-ProvenancePayerDataSource.html#ProvenancePayerDataSource-hl7v2other">hl7v2other</a>
                </td>
                <td>HL7 v2</td>
                <td>HL7 v2 Message</td>
              </tr>
              <tr>
                <td style="white-space:nowrap">
                  <a name="http---hl7.org-fhir-us-davinci-pdex-CodeSystem-ProvenancePayerDataSource-hl7v2oru"> </a>
                  <a href="CodeSystem-ProvenancePayerDataSource.html#ProvenancePayerDataSource-hl7v2oru">hl7v2oru</a>
                </td>
                <td>HL7 v2 ORU</td>
                <td>HL7 v2 Structured Observation Report(ORU) message</td>
              </tr>
              <tr>
                <td style="white-space:nowrap">
                  <a name="http---hl7.org-fhir-us-davinci-pdex-CodeSystem-ProvenancePayerDataSource-hl7v2adt"> </a>
                  <a href="CodeSystem-ProvenancePayerDataSource.html#ProvenancePayerDataSource-hl7v2adt">hl7v2adt</a>
                </td>
                <td>HL7 v2 ADT</td>
                <td>HL7 v2 Admit, Discharge Transfer (ADT) message</td>
              </tr>
              <tr>
                <td style="white-space:nowrap">
                  <a name="http---hl7.org-fhir-us-davinci-pdex-CodeSystem-ProvenancePayerDataSource-hl7v2ro1"> </a>
                  <a href="CodeSystem-ProvenancePayerDataSource.html#ProvenancePayerDataSource-hl7v2ro1">hl7v2ro1</a>
                </td>
                <td>HL7 v2 RO1</td>
                <td>HL7 v2 Observation (R01) message</td>
              </tr>
              <tr>
                <td style="white-space:nowrap">
                  <a name="http---hl7.org-fhir-us-davinci-pdex-CodeSystem-ProvenancePayerDataSource-hl7v2qbp"> </a>
                  <a href="CodeSystem-ProvenancePayerDataSource.html#ProvenancePayerDataSource-hl7v2qbp">hl7v2qbp</a>
                </td>
                <td>HL7 v2 QBP</td>
                <td>HL7 V2 Immunization Record</td>
              </tr>
              <tr>
                <td style="white-space:nowrap">
                  <a name="http---hl7.org-fhir-us-davinci-pdex-CodeSystem-ProvenancePayerDataSource-hl7v2orm"> </a>
                  <a href="CodeSystem-ProvenancePayerDataSource.html#ProvenancePayerDataSource-hl7v2orm">hl7v2orm</a>
                </td>
                <td>HL7 v2 ORM</td>
                <td>HL7 v2 Orders</td>
              </tr>
              <tr>
                <td style="white-space:nowrap">
                  <a name="http---hl7.org-fhir-us-davinci-pdex-CodeSystem-ProvenancePayerDataSource-hl7v2mdm"> </a>
                  <a href="CodeSystem-ProvenancePayerDataSource.html#ProvenancePayerDataSource-hl7v2mdm">hl7v2mdm</a>
                </td>
                <td>HL7 v2 MDM</td>
                <td>Medical Document Management</td>
              </tr>
              <tr>
                <td style="white-space:nowrap">
                  <a name="http---hl7.org-fhir-us-davinci-pdex-CodeSystem-ProvenancePayerDataSource-hl7v2vxu"> </a>
                  <a href="CodeSystem-ProvenancePayerDataSource.html#ProvenancePayerDataSource-hl7v2vxu">hl7v2vxu</a>
                </td>
                <td>HL7 v2 VXU</td>
                <td>HL7 V2 Immunization Transaction</td>
              </tr>
              <tr>
                <td style="white-space:nowrap">
                  <a name="http---hl7.org-fhir-us-davinci-pdex-CodeSystem-ProvenancePayerDataSource-hl7v3"> </a>
                  <a href="CodeSystem-ProvenancePayerDataSource.html#ProvenancePayerDataSource-hl7v3">hl7v3</a>
                </td>
                <td>HL7 v3</td>
                <td>HL7 v3 Message</td>
              </tr>
              <tr>
                <td style="white-space:nowrap">
                  <a name="http---hl7.org-fhir-us-davinci-pdex-CodeSystem-ProvenancePayerDataSource-hl7ccda"> </a>
                  <a href="CodeSystem-ProvenancePayerDataSource.html#ProvenancePayerDataSource-hl7ccda">hl7ccda</a>
                </td>
                <td>HL7 C-CDA</td>
                <td>HL7 Consolidated-Clinical Document Architecture</td>
              </tr>
              <tr>
                <td style="white-space:nowrap">
                  <a name="http---hl7.org-fhir-us-davinci-pdex-CodeSystem-ProvenancePayerDataSource-hl7cda"> </a>
                  <a href="CodeSystem-ProvenancePayerDataSource.html#ProvenancePayerDataSource-hl7cda">hl7cda</a>
                </td>
                <td>HL7 CDA</td>
                <td>HL7 CDA documents that are not C-CDA</td>
              </tr>
              <tr>
                <td style="white-space:nowrap">
                  <a name="http---hl7.org-fhir-us-davinci-pdex-CodeSystem-ProvenancePayerDataSource-hl7cdaqrda"> </a>
                  <a href="CodeSystem-ProvenancePayerDataSource.html#ProvenancePayerDataSource-hl7cdaqrda">hl7cdaqrda</a>
                </td>
                <td>HL7 CDA QRDA</td>
                <td>HL7 Quality Reporting Document</td>
              </tr>
              <tr>
                <td style="white-space:nowrap">
                  <a name="http---hl7.org-fhir-us-davinci-pdex-CodeSystem-ProvenancePayerDataSource-hl7fhirdstu2"> </a>
                  <a href="CodeSystem-ProvenancePayerDataSource.html#ProvenancePayerDataSource-hl7fhirdstu2">hl7fhirdstu2</a>
                </td>
                <td>FHIR DSTU2</td>
                <td>HL7 FHIR DSTU2</td>
              </tr>
              <tr>
                <td style="white-space:nowrap">
                  <a name="http---hl7.org-fhir-us-davinci-pdex-CodeSystem-ProvenancePayerDataSource-hl7fhirdstu3"> </a>
                  <a href="CodeSystem-ProvenancePayerDataSource.html#ProvenancePayerDataSource-hl7fhirdstu3">hl7fhirdstu3</a>
                </td>
                <td>FHIR STU3</td>
                <td>HL7 FHIR STU3</td>
              </tr>
              <tr>
                <td style="white-space:nowrap">
                  <a name="http---hl7.org-fhir-us-davinci-pdex-CodeSystem-ProvenancePayerDataSource-hl7fhirr4"> </a>
                  <a href="CodeSystem-ProvenancePayerDataSource.html#ProvenancePayerDataSource-hl7fhirr4">hl7fhirr4</a>
                </td>
                <td>FHIR R4</td>
                <td>HL7 FHIR R4</td>
              </tr>
              <tr>
                <td style="white-space:nowrap">
                  <a name="http---hl7.org-fhir-us-davinci-pdex-CodeSystem-ProvenancePayerDataSource-x12837"> </a>
                  <a href="CodeSystem-ProvenancePayerDataSource.html#ProvenancePayerDataSource-x12837">x12837</a>
                </td>
                <td>837 claim</td>
                <td>X12 837 Claim</td>
              </tr>
              <tr>
                <td style="white-space:nowrap">
                  <a name="http---hl7.org-fhir-us-davinci-pdex-CodeSystem-ProvenancePayerDataSource-x12278"> </a>
                  <a href="CodeSystem-ProvenancePayerDataSource.html#ProvenancePayerDataSource-x12278">x12278</a>
                </td>
                <td>278</td>
                <td>X12 Prior Authorization</td>
              </tr>
              <tr>
                <td style="white-space:nowrap">
                  <a name="http---hl7.org-fhir-us-davinci-pdex-CodeSystem-ProvenancePayerDataSource-x12275"> </a>
                  <a href="CodeSystem-ProvenancePayerDataSource.html#ProvenancePayerDataSource-x12275">x12275</a>
                </td>
                <td>275</td>
                <td>X12 Attachment</td>
              </tr>
              <tr>
                <td style="white-space:nowrap">
                  <a name="http---hl7.org-fhir-us-davinci-pdex-CodeSystem-ProvenancePayerDataSource-x12other"> </a>
                  <a href="CodeSystem-ProvenancePayerDataSource.html#ProvenancePayerDataSource-x12other">x12other</a>
                </td>
                <td>X12</td>
                <td>X12 non-specific transaction</td>
              </tr>
              <tr>
                <td style="white-space:nowrap">
                  <a name="http---hl7.org-fhir-us-davinci-pdex-CodeSystem-ProvenancePayerDataSource-ncpdp"> </a>
                  <a href="CodeSystem-ProvenancePayerDataSource.html#ProvenancePayerDataSource-ncpdp">ncpdp</a>
                </td>
                <td>NCPDP</td>
                <td>N.C.P.D.P.</td>
              </tr>
              <tr>
                <td style="white-space:nowrap">
                  <a name="http---hl7.org-fhir-us-davinci-pdex-CodeSystem-ProvenancePayerDataSource-custom"> </a>
                  <a href="CodeSystem-ProvenancePayerDataSource.html#ProvenancePayerDataSource-custom">custom</a>
                </td>
                <td>Custom Format</td>
                <td>Non-standard input format. e.g. CSV file, fax, etc.</td>
              </tr>
            </table>
          </div>
        </text>
        <url value="http://hl7.org/fhir/us/davinci-pdex/ValueSet/ProvenancePayerConversionSource"/>
        <version value="0.1.16"/>
        <name value="ProvenancePayerConversionSource"/>
        <title value="Source Data conversion"/>
        <status value="active"/>
        <date value="2020-08-18T23:33:38-04:00"/>
        <contact>
          <name value="Mark Scrimshire (mark.scrimshire@onyxhealth.io)"/>
          <telecom>
            <system value="email"/>
            <value value="mailto:mark@ekivemark.com"/>
          </telecom>
        </contact>
        <contact>
          <name value="HL7 International - Financial Management"/>
          <telecom>
            <system value="url"/>
            <value value="http://www.hl7.org/Special/committees/fm"/>
          </telecom>
        </contact>
        <description value="Source Data formats used as the source for FHIR referenced record by the Payer."/>
        <jurisdiction>
          <coding>
            <system value="urn:iso:std:iso:3166"/>
            <code value="US"/>
          </coding>
        </jurisdiction>
        <expansion>
          <identifier value="urn:uuid:3a8212d4-a15f-452b-8c28-1bbd25541f4d"/>
          <timestamp value="2020-08-18T23:33:56-04:00"/>
          <total value="21"/>
          <parameter>
            <name value="excludeNested"/>
            <valueBoolean value="false"/>
          </parameter>
          <parameter>
            <name value="version"/>
            <valueUri value="http://hl7.org/fhir/us/davinci-pdex/CodeSystem/ProvenancePayerDataSource|0.1.16"/>
          </parameter>
          <contains>
            <system value="http://hl7.org/fhir/us/davinci-pdex/CodeSystem/ProvenancePayerDataSource"/>
            <code value="hl7v2other"/>
            <display value="HL7 v2"/>
          </contains>
          <contains>
            <system value="http://hl7.org/fhir/us/davinci-pdex/CodeSystem/ProvenancePayerDataSource"/>
            <code value="hl7v2oru"/>
            <display value="HL7 v2 ORU"/>
          </contains>
          <contains>
            <system value="http://hl7.org/fhir/us/davinci-pdex/CodeSystem/ProvenancePayerDataSource"/>
            <code value="hl7v2adt"/>
            <display value="HL7 v2 ADT"/>
          </contains>
          <contains>
            <system value="http://hl7.org/fhir/us/davinci-pdex/CodeSystem/ProvenancePayerDataSource"/>
            <code value="hl7v2ro1"/>
            <display value="HL7 v2 RO1"/>
          </contains>
          <contains>
            <system value="http://hl7.org/fhir/us/davinci-pdex/CodeSystem/ProvenancePayerDataSource"/>
            <code value="hl7v2qbp"/>
            <display value="HL7 v2 QBP"/>
          </contains>
          <contains>
            <system value="http://hl7.org/fhir/us/davinci-pdex/CodeSystem/ProvenancePayerDataSource"/>
            <code value="hl7v2orm"/>
            <display value="HL7 v2 ORM"/>
          </contains>
          <contains>
            <system value="http://hl7.org/fhir/us/davinci-pdex/CodeSystem/ProvenancePayerDataSource"/>
            <code value="hl7v2mdm"/>
            <display value="HL7 v2 MDM"/>
          </contains>
          <contains>
            <system value="http://hl7.org/fhir/us/davinci-pdex/CodeSystem/ProvenancePayerDataSource"/>
            <code value="hl7v2vxu"/>
            <display value="HL7 v2 VXU"/>
          </contains>
          <contains>
            <system value="http://hl7.org/fhir/us/davinci-pdex/CodeSystem/ProvenancePayerDataSource"/>
            <code value="hl7v3"/>
            <display value="HL7 v3"/>
          </contains>
          <contains>
            <system value="http://hl7.org/fhir/us/davinci-pdex/CodeSystem/ProvenancePayerDataSource"/>
            <code value="hl7ccda"/>
            <display value="HL7 C-CDA"/>
          </contains>
          <contains>
            <system value="http://hl7.org/fhir/us/davinci-pdex/CodeSystem/ProvenancePayerDataSource"/>
            <code value="hl7cda"/>
            <display value="HL7 CDA"/>
          </contains>
          <contains>
            <system value="http://hl7.org/fhir/us/davinci-pdex/CodeSystem/ProvenancePayerDataSource"/>
            <code value="hl7cdaqrda"/>
            <display value="HL7 CDA QRDA"/>
          </contains>
          <contains>
            <system value="http://hl7.org/fhir/us/davinci-pdex/CodeSystem/ProvenancePayerDataSource"/>
            <code value="hl7fhirdstu2"/>
            <display value="FHIR DSTU2"/>
          </contains>
          <contains>
            <system value="http://hl7.org/fhir/us/davinci-pdex/CodeSystem/ProvenancePayerDataSource"/>
            <code value="hl7fhirdstu3"/>
            <display value="FHIR STU3"/>
          </contains>
          <contains>
            <system value="http://hl7.org/fhir/us/davinci-pdex/CodeSystem/ProvenancePayerDataSource"/>
            <code value="hl7fhirr4"/>
            <display value="FHIR R4"/>
          </contains>
          <contains>
            <system value="http://hl7.org/fhir/us/davinci-pdex/CodeSystem/ProvenancePayerDataSource"/>
            <code value="x12837"/>
            <display value="837 claim"/>
          </contains>
          <contains>
            <system value="http://hl7.org/fhir/us/davinci-pdex/CodeSystem/ProvenancePayerDataSource"/>
            <code value="x12278"/>
            <display value="278"/>
          </contains>
          <contains>
            <system value="http://hl7.org/fhir/us/davinci-pdex/CodeSystem/ProvenancePayerDataSource"/>
            <code value="x12275"/>
            <display value="275"/>
          </contains>
          <contains>
            <system value="http://hl7.org/fhir/us/davinci-pdex/CodeSystem/ProvenancePayerDataSource"/>
            <code value="x12other"/>
            <display value="X12"/>
          </contains>
          <contains>
            <system value="http://hl7.org/fhir/us/davinci-pdex/CodeSystem/ProvenancePayerDataSource"/>
            <code value="ncpdp"/>
            <display value="NCPDP"/>
          </contains>
          <contains>
            <system value="http://hl7.org/fhir/us/davinci-pdex/CodeSystem/ProvenancePayerDataSource"/>
            <code value="custom"/>
            <display value="Custom Format"/>
          </contains>
        </expansion>
      </ValueSet>
    </resource>
  </entry>
</Bundle>