<?xml version="1.0" encoding="UTF-8"?>

<Bundle xmlns="http://hl7.org/fhir">
  <id value="717447e5-4cbe-453a-9a6d-f6c6de0139d2"/>
  <meta>
    <lastUpdated value="2020-10-16T23:46:30.913-04:00"/>
  </meta>
  <type value="collection"/>
  <entry>
    <fullUrl value="http://hl7.org/fhir/us/davinci-pdex/ValueSet/ProvenanceAgentType"/>
    <resource>
      <ValueSet>
        <id value="ProvenanceAgentType"/>
        <text>
          <status value="generated"/>
          <div xmlns="http://www.w3.org/1999/xhtml">
            <p>This value set contains 3 concepts</p>
            <p style="border: black 1px dotted; background-color: #EEEEEE; padding: 8px; margin-bottom: 8px">Expansion based on 
              <a href="CodeSystem-ProvenanceAgentRoleType.html">Provenance Roles v0.1.25 (CodeSystem)</a>
            </p>
            <p>All codes from system 
              <a href="CodeSystem-ProvenanceAgentRoleType.html">
                <code>http://hl7.org/fhir/us/davinci-pdex/CodeSystem/ProvenanceAgentRoleType</code>
              </a>
            </p>
            <table class="codes">
              <tr>
                <td style="white-space:nowrap">
                  <b>Code</b>
                </td>
                <td>
                  <b>Display</b>
                </td>
                <td>
                  <b>Definition</b>
                </td>
              </tr>
              <tr>
                <td style="white-space:nowrap">
                  <a name="http---hl7.org-fhir-us-davinci-pdex-CodeSystem-ProvenanceAgentRoleType-author"> </a>
                  <a href="CodeSystem-ProvenanceAgentRoleType.html#ProvenanceAgentRoleType-author">author</a>
                </td>
                <td>Author</td>
                <td>Person or entity that originated the referenced resource</td>
              </tr>
              <tr>
                <td style="white-space:nowrap">
                  <a name="http---hl7.org-fhir-us-davinci-pdex-CodeSystem-ProvenanceAgentRoleType-source"> </a>
                  <a href="CodeSystem-ProvenanceAgentRoleType.html#ProvenanceAgentRoleType-source">source</a>
                </td>
                <td>Source</td>
                <td>Organization, Practitioner or Payer who was the source of the referenced resource</td>
              </tr>
              <tr>
                <td style="white-space:nowrap">
                  <a name="http---hl7.org-fhir-us-davinci-pdex-CodeSystem-ProvenanceAgentRoleType-transmitter"> </a>
                  <a href="CodeSystem-ProvenanceAgentRoleType.html#ProvenanceAgentRoleType-transmitter">transmitter</a>
                </td>
                <td>Transmitter</td>
                <td>Provenance Transmitter</td>
              </tr>
            </table>
          </div>
        </text>
        <url value="http://hl7.org/fhir/us/davinci-pdex/ValueSet/ProvenanceAgentType"/>
        <version value="0.1.25"/>
        <name value="ProvenanceAgentType"/>
        <title value="Provenance Agent Type"/>
        <status value="active"/>
        <date value="2020-10-16T23:46:30-04:00"/>
        <contact>
          <name value="Mark Scrimshire (mark.scrimshire@onyxhealth.io)"/>
          <telecom>
            <system value="email"/>
            <value value="mailto:mark@ekivemark.com0"/>
          </telecom>
        </contact>
        <contact>
          <name value="HL7 International - Financial Management"/>
          <telecom>
            <system value="url"/>
            <value value="http://www.hl7.org/Special/committees/fm"/>
          </telecom>
        </contact>
        <description value="Agent role performed relating to referenced resource"/>
        <jurisdiction>
          <coding>
            <system value="urn:iso:std:iso:3166"/>
            <code value="US"/>
          </coding>
        </jurisdiction>
        <expansion>
          <identifier value="urn:uuid:8f06b3dd-09a2-44fb-b7f4-88e3e3fd065b"/>
          <timestamp value="2020-10-16T23:46:51-04:00"/>
          <total value="3"/>
          <parameter>
            <name value="excludeNested"/>
            <valueBoolean value="false"/>
          </parameter>
          <parameter>
            <name value="version"/>
            <valueUri value="http://hl7.org/fhir/us/davinci-pdex/CodeSystem/ProvenanceAgentRoleType|0.1.25"/>
          </parameter>
          <contains>
            <system value="http://hl7.org/fhir/us/davinci-pdex/CodeSystem/ProvenanceAgentRoleType"/>
            <code value="author"/>
            <display value="Author"/>
          </contains>
          <contains>
            <system value="http://hl7.org/fhir/us/davinci-pdex/CodeSystem/ProvenanceAgentRoleType"/>
            <code value="source"/>
            <display value="Source"/>
          </contains>
          <contains>
            <system value="http://hl7.org/fhir/us/davinci-pdex/CodeSystem/ProvenanceAgentRoleType"/>
            <code value="transmitter"/>
            <display value="Transmitter"/>
          </contains>
        </expansion>
      </ValueSet>
    </resource>
  </entry>
  <entry>
    <fullUrl value="http://hl7.org/fhir/us/davinci-pdex/ValueSet/ProvenancePayerSourceFormat"/>
    <resource>
      <ValueSet>
        <id value="ProvenancePayerSourceFormat"/>
        <text>
          <status value="generated"/>
          <div xmlns="http://www.w3.org/1999/xhtml">
            <p>This value set contains 25 concepts</p>
            <p style="border: black 1px dotted; background-color: #EEEEEE; padding: 8px; margin-bottom: 8px">Expansion based on 
              <a href="CodeSystem-ProvenancePayerDataSource.html">Provenance Payer Data Source Format v0.1.25 (CodeSystem)</a>
            </p>
            <p>All codes from system 
              <a href="CodeSystem-ProvenancePayerDataSource.html">
                <code>http://hl7.org/fhir/us/davinci-pdex/CodeSystem/ProvenancePayerDataSource</code>
              </a>
            </p>
            <table class="codes">
              <tr>
                <td style="white-space:nowrap">
                  <b>Code</b>
                </td>
                <td>
                  <b>Display</b>
                </td>
                <td>
                  <b>Definition</b>
                </td>
              </tr>
              <tr>
                <td style="white-space:nowrap">
                  <a name="http---hl7.org-fhir-us-davinci-pdex-CodeSystem-ProvenancePayerDataSource-hl7v2other"> </a>
                  <a href="CodeSystem-ProvenancePayerDataSource.html#ProvenancePayerDataSource-hl7v2other">hl7v2other</a>
                </td>
                <td>HL7 v2</td>
                <td>HL7 v2 Message</td>
              </tr>
              <tr>
                <td style="white-space:nowrap">
                  <a name="http---hl7.org-fhir-us-davinci-pdex-CodeSystem-ProvenancePayerDataSource-hl7v2oru"> </a>
                  <a href="CodeSystem-ProvenancePayerDataSource.html#ProvenancePayerDataSource-hl7v2oru">hl7v2oru</a>
                </td>
                <td>HL7 v2 ORU</td>
                <td>HL7 v2 Structured Observation Report(ORU) message</td>
              </tr>
              <tr>
                <td style="white-space:nowrap">
                  <a name="http---hl7.org-fhir-us-davinci-pdex-CodeSystem-ProvenancePayerDataSource-hl7v2adt"> </a>
                  <a href="CodeSystem-ProvenancePayerDataSource.html#ProvenancePayerDataSource-hl7v2adt">hl7v2adt</a>
                </td>
                <td>HL7 v2 ADT</td>
                <td>HL7 v2 Admit, Discharge Transfer (ADT) message</td>
              </tr>
              <tr>
                <td style="white-space:nowrap">
                  <a name="http---hl7.org-fhir-us-davinci-pdex-CodeSystem-ProvenancePayerDataSource-hl7v2r01"> </a>
                  <a href="CodeSystem-ProvenancePayerDataSource.html#ProvenancePayerDataSource-hl7v2r01">hl7v2r01</a>
                </td>
                <td>HL7 v2 R01</td>
                <td>HL7 v2 Observation (R01) message</td>
              </tr>
              <tr>
                <td style="white-space:nowrap">
                  <a name="http---hl7.org-fhir-us-davinci-pdex-CodeSystem-ProvenancePayerDataSource-hl7v2rsp"> </a>
                  <a href="CodeSystem-ProvenancePayerDataSource.html#ProvenancePayerDataSource-hl7v2rsp">hl7v2rsp</a>
                </td>
                <td>HL7 v2 RSP</td>
                <td>HL7 V2 Immunization Record Response</td>
              </tr>
              <tr>
                <td style="white-space:nowrap">
                  <a name="http---hl7.org-fhir-us-davinci-pdex-CodeSystem-ProvenancePayerDataSource-hl7v2orm"> </a>
                  <a href="CodeSystem-ProvenancePayerDataSource.html#ProvenancePayerDataSource-hl7v2orm">hl7v2orm</a>
                </td>
                <td>HL7 v2 ORM</td>
                <td>HL7 v2 Orders</td>
              </tr>
              <tr>
                <td style="white-space:nowrap">
                  <a name="http---hl7.org-fhir-us-davinci-pdex-CodeSystem-ProvenancePayerDataSource-hl7v2mdm"> </a>
                  <a href="CodeSystem-ProvenancePayerDataSource.html#ProvenancePayerDataSource-hl7v2mdm">hl7v2mdm</a>
                </td>
                <td>HL7 v2 MDM</td>
                <td>Medical Document Management</td>
              </tr>
              <tr>
                <td style="white-space:nowrap">
                  <a name="http---hl7.org-fhir-us-davinci-pdex-CodeSystem-ProvenancePayerDataSource-hl7v2vxu"> </a>
                  <a href="CodeSystem-ProvenancePayerDataSource.html#ProvenancePayerDataSource-hl7v2vxu">hl7v2vxu</a>
                </td>
                <td>HL7 v2 VXU</td>
                <td>HL7 V2 Immunization Transaction</td>
              </tr>
              <tr>
                <td style="white-space:nowrap">
                  <a name="http---hl7.org-fhir-us-davinci-pdex-CodeSystem-ProvenancePayerDataSource-hl7v3"> </a>
                  <a href="CodeSystem-ProvenancePayerDataSource.html#ProvenancePayerDataSource-hl7v3">hl7v3</a>
                </td>
                <td>HL7 v3</td>
                <td>HL7 v3 Message</td>
              </tr>
              <tr>
                <td style="white-space:nowrap">
                  <a name="http---hl7.org-fhir-us-davinci-pdex-CodeSystem-ProvenancePayerDataSource-hl7ccda"> </a>
                  <a href="CodeSystem-ProvenancePayerDataSource.html#ProvenancePayerDataSource-hl7ccda">hl7ccda</a>
                </td>
                <td>HL7 C-CDA</td>
                <td>HL7 Consolidated-Clinical Document Architecture</td>
              </tr>
              <tr>
                <td style="white-space:nowrap">
                  <a name="http---hl7.org-fhir-us-davinci-pdex-CodeSystem-ProvenancePayerDataSource-hl7cda"> </a>
                  <a href="CodeSystem-ProvenancePayerDataSource.html#ProvenancePayerDataSource-hl7cda">hl7cda</a>
                </td>
                <td>HL7 CDA</td>
                <td>HL7 CDA documents that are not C-CDA</td>
              </tr>
              <tr>
                <td style="white-space:nowrap">
                  <a name="http---hl7.org-fhir-us-davinci-pdex-CodeSystem-ProvenancePayerDataSource-hl7cdaqrda"> </a>
                  <a href="CodeSystem-ProvenancePayerDataSource.html#ProvenancePayerDataSource-hl7cdaqrda">hl7cdaqrda</a>
                </td>
                <td>HL7 CDA QRDA</td>
                <td>HL7 Quality Reporting Document</td>
              </tr>
              <tr>
                <td style="white-space:nowrap">
                  <a name="http---hl7.org-fhir-us-davinci-pdex-CodeSystem-ProvenancePayerDataSource-hl7fhirdstu2"> </a>
                  <a href="CodeSystem-ProvenancePayerDataSource.html#ProvenancePayerDataSource-hl7fhirdstu2">hl7fhirdstu2</a>
                </td>
                <td>FHIR DSTU2</td>
                <td>HL7 FHIR DSTU2</td>
              </tr>
              <tr>
                <td style="white-space:nowrap">
                  <a name="http---hl7.org-fhir-us-davinci-pdex-CodeSystem-ProvenancePayerDataSource-hl7fhirdstu3"> </a>
                  <a href="CodeSystem-ProvenancePayerDataSource.html#ProvenancePayerDataSource-hl7fhirdstu3">hl7fhirdstu3</a>
                </td>
                <td>FHIR STU3</td>
                <td>HL7 FHIR STU3</td>
              </tr>
              <tr>
                <td style="white-space:nowrap">
                  <a name="http---hl7.org-fhir-us-davinci-pdex-CodeSystem-ProvenancePayerDataSource-hl7fhirr4"> </a>
                  <a href="CodeSystem-ProvenancePayerDataSource.html#ProvenancePayerDataSource-hl7fhirr4">hl7fhirr4</a>
                </td>
                <td>FHIR R4</td>
                <td>HL7 FHIR R4</td>
              </tr>
              <tr>
                <td style="white-space:nowrap">
                  <a name="http---hl7.org-fhir-us-davinci-pdex-CodeSystem-ProvenancePayerDataSource-x12837"> </a>
                  <a href="CodeSystem-ProvenancePayerDataSource.html#ProvenancePayerDataSource-x12837">x12837</a>
                </td>
                <td>837 claim</td>
                <td>X12 837 Claim</td>
              </tr>
              <tr>
                <td style="white-space:nowrap">
                  <a name="http---hl7.org-fhir-us-davinci-pdex-CodeSystem-ProvenancePayerDataSource-x12278"> </a>
                  <a href="CodeSystem-ProvenancePayerDataSource.html#ProvenancePayerDataSource-x12278">x12278</a>
                </td>
                <td>278</td>
                <td>X12 Prior Authorization</td>
              </tr>
              <tr>
                <td style="white-space:nowrap">
                  <a name="http---hl7.org-fhir-us-davinci-pdex-CodeSystem-ProvenancePayerDataSource-x12275"> </a>
                  <a href="CodeSystem-ProvenancePayerDataSource.html#ProvenancePayerDataSource-x12275">x12275</a>
                </td>
                <td>275</td>
                <td>X12 Attachment</td>
              </tr>
              <tr>
                <td style="white-space:nowrap">
                  <a name="http---hl7.org-fhir-us-davinci-pdex-CodeSystem-ProvenancePayerDataSource-x12other"> </a>
                  <a href="CodeSystem-ProvenancePayerDataSource.html#ProvenancePayerDataSource-x12other">x12other</a>
                </td>
                <td>X12</td>
                <td>X12 non-specific transaction</td>
              </tr>
              <tr>
                <td style="white-space:nowrap">
                  <a name="http---hl7.org-fhir-us-davinci-pdex-CodeSystem-ProvenancePayerDataSource-ncpdp"> </a>
                  <a href="CodeSystem-ProvenancePayerDataSource.html#ProvenancePayerDataSource-ncpdp">ncpdp</a>
                </td>
                <td>NCPDP</td>
                <td>National Council for Prescription Drug Programs</td>
              </tr>
              <tr>
                <td style="white-space:nowrap">
                  <a name="http---hl7.org-fhir-us-davinci-pdex-CodeSystem-ProvenancePayerDataSource-capture"> </a>
                  <a href="CodeSystem-ProvenancePayerDataSource.html#ProvenancePayerDataSource-capture">capture</a>
                </td>
                <td>Direct Capture</td>
                <td>Direct Capture, such as into a payers case management system</td>
              </tr>
              <tr>
                <td style="white-space:nowrap">
                  <a name="http---hl7.org-fhir-us-davinci-pdex-CodeSystem-ProvenancePayerDataSource-customtx"> </a>
                  <a href="CodeSystem-ProvenancePayerDataSource.html#ProvenancePayerDataSource-customtx">customtx</a>
                </td>
                <td>Trading Partner Format</td>
                <td>Trading Partner Proprietary format</td>
              </tr>
              <tr>
                <td style="white-space:nowrap">
                  <a name="http---hl7.org-fhir-us-davinci-pdex-CodeSystem-ProvenancePayerDataSource-image"> </a>
                  <a href="CodeSystem-ProvenancePayerDataSource.html#ProvenancePayerDataSource-image">image</a>
                </td>
                <td>Image</td>
                <td>Fax or scanned document</td>
              </tr>
              <tr>
                <td style="white-space:nowrap">
                  <a name="http---hl7.org-fhir-us-davinci-pdex-CodeSystem-ProvenancePayerDataSource-unstructured"> </a>
                  <a href="CodeSystem-ProvenancePayerDataSource.html#ProvenancePayerDataSource-unstructured">unstructured</a>
                </td>
                <td>Unstructured Document</td>
                <td>PDF, test and other unstructured document</td>
              </tr>
              <tr>
                <td style="white-space:nowrap">
                  <a name="http---hl7.org-fhir-us-davinci-pdex-CodeSystem-ProvenancePayerDataSource-other"> </a>
                  <a href="CodeSystem-ProvenancePayerDataSource.html#ProvenancePayerDataSource-other">other</a>
                </td>
                <td>Other</td>
                <td>Any other document format not specifically defined</td>
              </tr>
            </table>
          </div>
        </text>
        <url value="http://hl7.org/fhir/us/davinci-pdex/ValueSet/ProvenancePayerSourceFormat"/>
        <version value="0.1.25"/>
        <name value="ProvenancePayerSourceFormat"/>
        <title value="Payer source of data"/>
        <status value="active"/>
        <date value="2020-10-16T23:46:30-04:00"/>
        <contact>
          <name value="Mark Scrimshire (mark.scrimshire@onyxhealth.io)"/>
          <telecom>
            <system value="email"/>
            <value value="mailto:mark@ekivemark.com0"/>
          </telecom>
        </contact>
        <contact>
          <name value="HL7 International - Financial Management"/>
          <telecom>
            <system value="url"/>
            <value value="http://www.hl7.org/Special/committees/fm"/>
          </telecom>
        </contact>
        <description value="Source Data formats used as the source for FHIR referenced record by the Payer."/>
        <jurisdiction>
          <coding>
            <system value="urn:iso:std:iso:3166"/>
            <code value="US"/>
          </coding>
        </jurisdiction>
        <expansion>
          <identifier value="urn:uuid:61b14911-f1ad-405c-9560-e5cb88e181ed"/>
          <timestamp value="2020-10-16T23:46:51-04:00"/>
          <total value="25"/>
          <parameter>
            <name value="excludeNested"/>
            <valueBoolean value="false"/>
          </parameter>
          <parameter>
            <name value="version"/>
            <valueUri value="http://hl7.org/fhir/us/davinci-pdex/CodeSystem/ProvenancePayerDataSource|0.1.25"/>
          </parameter>
          <contains>
            <system value="http://hl7.org/fhir/us/davinci-pdex/CodeSystem/ProvenancePayerDataSource"/>
            <code value="hl7v2other"/>
            <display value="HL7 v2"/>
          </contains>
          <contains>
            <system value="http://hl7.org/fhir/us/davinci-pdex/CodeSystem/ProvenancePayerDataSource"/>
            <code value="hl7v2oru"/>
            <display value="HL7 v2 ORU"/>
          </contains>
          <contains>
            <system value="http://hl7.org/fhir/us/davinci-pdex/CodeSystem/ProvenancePayerDataSource"/>
            <code value="hl7v2adt"/>
            <display value="HL7 v2 ADT"/>
          </contains>
          <contains>
            <system value="http://hl7.org/fhir/us/davinci-pdex/CodeSystem/ProvenancePayerDataSource"/>
            <code value="hl7v2r01"/>
            <display value="HL7 v2 R01"/>
          </contains>
          <contains>
            <system value="http://hl7.org/fhir/us/davinci-pdex/CodeSystem/ProvenancePayerDataSource"/>
            <code value="hl7v2rsp"/>
            <display value="HL7 v2 RSP"/>
          </contains>
          <contains>
            <system value="http://hl7.org/fhir/us/davinci-pdex/CodeSystem/ProvenancePayerDataSource"/>
            <code value="hl7v2orm"/>
            <display value="HL7 v2 ORM"/>
          </contains>
          <contains>
            <system value="http://hl7.org/fhir/us/davinci-pdex/CodeSystem/ProvenancePayerDataSource"/>
            <code value="hl7v2mdm"/>
            <display value="HL7 v2 MDM"/>
          </contains>
          <contains>
            <system value="http://hl7.org/fhir/us/davinci-pdex/CodeSystem/ProvenancePayerDataSource"/>
            <code value="hl7v2vxu"/>
            <display value="HL7 v2 VXU"/>
          </contains>
          <contains>
            <system value="http://hl7.org/fhir/us/davinci-pdex/CodeSystem/ProvenancePayerDataSource"/>
            <code value="hl7v3"/>
            <display value="HL7 v3"/>
          </contains>
          <contains>
            <system value="http://hl7.org/fhir/us/davinci-pdex/CodeSystem/ProvenancePayerDataSource"/>
            <code value="hl7ccda"/>
            <display value="HL7 C-CDA"/>
          </contains>
          <contains>
            <system value="http://hl7.org/fhir/us/davinci-pdex/CodeSystem/ProvenancePayerDataSource"/>
            <code value="hl7cda"/>
            <display value="HL7 CDA"/>
          </contains>
          <contains>
            <system value="http://hl7.org/fhir/us/davinci-pdex/CodeSystem/ProvenancePayerDataSource"/>
            <code value="hl7cdaqrda"/>
            <display value="HL7 CDA QRDA"/>
          </contains>
          <contains>
            <system value="http://hl7.org/fhir/us/davinci-pdex/CodeSystem/ProvenancePayerDataSource"/>
            <code value="hl7fhirdstu2"/>
            <display value="FHIR DSTU2"/>
          </contains>
          <contains>
            <system value="http://hl7.org/fhir/us/davinci-pdex/CodeSystem/ProvenancePayerDataSource"/>
            <code value="hl7fhirdstu3"/>
            <display value="FHIR STU3"/>
          </contains>
          <contains>
            <system value="http://hl7.org/fhir/us/davinci-pdex/CodeSystem/ProvenancePayerDataSource"/>
            <code value="hl7fhirr4"/>
            <display value="FHIR R4"/>
          </contains>
          <contains>
            <system value="http://hl7.org/fhir/us/davinci-pdex/CodeSystem/ProvenancePayerDataSource"/>
            <code value="x12837"/>
            <display value="837 claim"/>
          </contains>
          <contains>
            <system value="http://hl7.org/fhir/us/davinci-pdex/CodeSystem/ProvenancePayerDataSource"/>
            <code value="x12278"/>
            <display value="278"/>
          </contains>
          <contains>
            <system value="http://hl7.org/fhir/us/davinci-pdex/CodeSystem/ProvenancePayerDataSource"/>
            <code value="x12275"/>
            <display value="275"/>
          </contains>
          <contains>
            <system value="http://hl7.org/fhir/us/davinci-pdex/CodeSystem/ProvenancePayerDataSource"/>
            <code value="x12other"/>
            <display value="X12"/>
          </contains>
          <contains>
            <system value="http://hl7.org/fhir/us/davinci-pdex/CodeSystem/ProvenancePayerDataSource"/>
            <code value="ncpdp"/>
            <display value="NCPDP"/>
          </contains>
          <contains>
            <system value="http://hl7.org/fhir/us/davinci-pdex/CodeSystem/ProvenancePayerDataSource"/>
            <code value="capture"/>
            <display value="Direct Capture"/>
          </contains>
          <contains>
            <system value="http://hl7.org/fhir/us/davinci-pdex/CodeSystem/ProvenancePayerDataSource"/>
            <code value="customtx"/>
            <display value="Trading Partner Format"/>
          </contains>
          <contains>
            <system value="http://hl7.org/fhir/us/davinci-pdex/CodeSystem/ProvenancePayerDataSource"/>
            <code value="image"/>
            <display value="Image"/>
          </contains>
          <contains>
            <system value="http://hl7.org/fhir/us/davinci-pdex/CodeSystem/ProvenancePayerDataSource"/>
            <code value="unstructured"/>
            <display value="Unstructured Document"/>
          </contains>
          <contains>
            <system value="http://hl7.org/fhir/us/davinci-pdex/CodeSystem/ProvenancePayerDataSource"/>
            <code value="other"/>
            <display value="Other"/>
          </contains>
        </expansion>
      </ValueSet>
    </resource>
  </entry>
</Bundle>