<?xml version="1.0" encoding="UTF-8"?>

<ImplementationGuide xmlns="http://hl7.org/fhir">
  <id value="hl7.fhir.us.davinci-pdex"/>
  <text>
    <status value="extensions"/><div xmlns="http://www.w3.org/1999/xhtml"><h2>DaVinciPayerDataExchange</h2><p>The official URL for this implementation guide is: </p><pre>http://hl7.org/fhir/us/davinci-pdex/ImplementationGuide/hl7.fhir.us.davinci-pdex</pre><div><p>&quot;This specification is currently undergoing ballot and connectathon testing. It is expected to evolve, possibly significantly, as part of that process.\nFeedback is welcome and may be submitted through the FHIR JIRA tracker indicating US Da Vinci PDex as the specification. If balloting on this IG, please submit your comments via the tracker and reference them in your ballot submission implementation guide.\n\nThis guide can be reviewed offline. Go to the Downloads section. Click on the link to download the full Implementation Guide as a zip file. Expand the zip file and use a web browser to launch the index.html file in the directory created by the zip extract process. External hyperlinks in the guide will not be available unless you have an active internet connection. \n\n<a href="https://confluence.hl7.org/display/FM/Financial+Management+Home">Financial Management</a> is the Sponsoring Work Group for this Implementation Guide.\n\n<strong>The Payer Data Exchange (PDex) Implementation Guide (IG) is provided for Payers/Health Plans to enable them to create a Member's Health History using clinical resources (based on US Core Profiles based on FHIR R4) which can be understood by providers and, if they choose to, committed to their Electronic Medical Records (EMR) System.</strong>\n\nThe PDex work group has made changes to the original version of the IG following the publication of the final CMS Interoperability and Patient Access Rule.\n\nThis IG uses the same Member Health History &amp;quot;payload&amp;quot; for member-authorized exchange of information with other Health Plans and with Third-Party Applications. It describes the interaction patterns that, when followed, allow the various parties involved in managing healthcare and payer data to more easily integrate and exchange data securely and effectively.\n\nThis IG covers the exchange of:\n- Claims-based information\n- Clinical Information (such as Lab Results, Allergies and Conditions)\n\nThis IG covers the exchange of this information using US Core and Da Vinci Health Record Exchange (HRex) Profiles. This superset of clinical profiles forms the Health Plan Member's Health History. \n\nThis IG covers the exchange of a Member's Health History in the following scenarios:\n- Provider requested Provider-Health Plan Exchange using CDS-Hooks and SMART-on-FHIR\n- Member-authorized Health Plan to Health Plan exchange\n- Member-authorized Health Plan to Third-Party Application exchange\n\nThe latter two scenarios are provided to meet the requirements identified in the CMS Interoperability Notice for Proposed Rule Making issued on February 11, 2019.\n\n<strong>There are items in this guide that are subject to update</strong>. This includes:\n- Value Sets\n- Vocabularies (X12, NUBC etc.)\n- Examples\n\n<strong>The Vocabulary, Value Sets and codings used to express data in this IG are subject to review and will be reconciled with</strong>  <a href="http://www.x12.org">X12</a>.\n\nSee the <a href="toc.html">Table of Contents</a> for more information.\n&quot;</p>
</div></div>
  </text>
  <url value="http://hl7.org/fhir/us/davinci-pdex/ImplementationGuide/hl7.fhir.us.davinci-pdex"/>
  <version value="0.1.12"/>
  <name value="DaVinciPayerDataExchange"/>
  <title value="Da Vinci Payer Data exchange"/>
  <status value="draft"/>
  <date value="2020-08-18T01:48:39-04:00"/>
  <contact>
    <name value="Mark Scrimshire (mark.scrimshire@onyxhealth.io)"/>
    <telecom>
      <system value="email"/>
      <value value="mailto:mark@ekivemark.com"/>
    </telecom>
  </contact>
  <contact>
    <name value="HL7 International - Financial Management"/>
    <telecom>
      <system value="url"/>
      <value value="http://www.hl7.org/Special/committees/fm"/>
    </telecom>
  </contact>
  <description value="&quot;This specification is currently undergoing ballot and connectathon testing. It is expected to evolve, possibly significantly, as part of that process.\nFeedback is welcome and may be submitted through the FHIR JIRA tracker indicating US Da Vinci PDex as the specification. If balloting on this IG, please submit your comments via the tracker and reference them in your ballot submission implementation guide.\n\nThis guide can be reviewed offline. Go to the Downloads section. Click on the link to download the full Implementation Guide as a zip file. Expand the zip file and use a web browser to launch the index.html file in the directory created by the zip extract process. External hyperlinks in the guide will not be available unless you have an active internet connection. \n\n[Financial Management](https://confluence.hl7.org/display/FM/Financial+Management+Home) is the Sponsoring Work Group for this Implementation Guide.\n\n**The Payer Data Exchange (PDex) Implementation Guide (IG) is provided for Payers/Health Plans to enable them to create a Member&#39;s Health History using clinical resources (based on US Core Profiles based on FHIR R4) which can be understood by providers and, if they choose to, committed to their Electronic Medical Records (EMR) System.**\n\nThe PDex work group has made changes to the original version of the IG following the publication of the final CMS Interoperability and Patient Access Rule.\n\nThis IG uses the same Member Health History \&quot;payload\&quot; for member-authorized exchange of information with other Health Plans and with Third-Party Applications. It describes the interaction patterns that, when followed, allow the various parties involved in managing healthcare and payer data to more easily integrate and exchange data securely and effectively.\n\nThis IG covers the exchange of:\n- Claims-based information\n- Clinical Information (such as Lab Results, Allergies and Conditions)\n\nThis IG covers the exchange of this information using US Core and Da Vinci Health Record Exchange (HRex) Profiles. This superset of clinical profiles forms the Health Plan Member&#39;s Health History. \n\nThis IG covers the exchange of a Member&#39;s Health History in the following scenarios:\n- Provider requested Provider-Health Plan Exchange using CDS-Hooks and SMART-on-FHIR\n- Member-authorized Health Plan to Health Plan exchange\n- Member-authorized Health Plan to Third-Party Application exchange\n\nThe latter two scenarios are provided to meet the requirements identified in the CMS Interoperability Notice for Proposed Rule Making issued on February 11, 2019.\n\n**There are items in this guide that are subject to update**. This includes:\n- Value Sets\n- Vocabularies (X12, NUBC etc.)\n- Examples\n\n**The Vocabulary, Value Sets and codings used to express data in this IG are subject to review and will be reconciled with**  [X12](http://www.x12.org).\n\nSee the [Table of Contents](toc.html) for more information.\n&quot;&#xA;"/>
  <jurisdiction>
    <coding>
      <system value="urn:iso:std:iso:3166"/>
      <code value="US"/>
    </coding>
  </jurisdiction>
  <packageId value="hl7.fhir.us.davinci-pdex"/>
  <license value="CC0-1.0"/>
  <fhirVersion value="4.0.1"/>
  <dependsOn id="hl7_fhir_us_core">
    <uri value="http://hl7.org/fhir/us/core/ImplementationGuide/hl7.fhir.us.core"/>
    <packageId value="hl7.fhir.us.core"/>
    <version value="3.1.0"/>
  </dependsOn>
  <definition>
    <extension url="http://hl7.org/fhir/tools/StructureDefinition/ig-parameter">
      <extension url="code">
        <valueString value="copyrightyear"/>
      </extension>
      <extension url="value">
        <valueString value="2020+"/>
      </extension>
    </extension>
    <extension url="http://hl7.org/fhir/tools/StructureDefinition/ig-parameter">
      <extension url="code">
        <valueString value="releaselabel"/>
      </extension>
      <extension url="value">
        <valueString value="CI Build"/>
      </extension>
    </extension>
    <extension url="http://hl7.org/fhir/tools/StructureDefinition/ig-parameter">
      <extension url="code">
        <valueString value="show-inherited-invariants"/>
      </extension>
      <extension url="value">
        <valueString value="false"/>
      </extension>
    </extension>
    <extension url="http://hl7.org/fhir/tools/StructureDefinition/ig-parameter">
      <extension url="code">
        <valueString value="path-history"/>
      </extension>
      <extension url="value">
        <valueString value="http://hl7.org/fhir/us/davinci-pdex/history.html"/>
      </extension>
    </extension>
    <extension url="http://hl7.org/fhir/tools/StructureDefinition/ig-parameter">
      <extension url="code">
        <valueString value="path-liquid"/>
      </extension>
      <extension url="value">
        <valueString value="template/liquid"/>
      </extension>
    </extension>
    <extension url="http://hl7.org/fhir/tools/StructureDefinition/ig-parameter">
      <extension url="code">
        <valueString value="path-liquid"/>
      </extension>
      <extension url="value">
        <valueString value="input/liquid"/>
      </extension>
    </extension>
    <extension url="http://hl7.org/fhir/tools/StructureDefinition/ig-parameter">
      <extension url="code">
        <valueString value="path-qa"/>
      </extension>
      <extension url="value">
        <valueString value="temp/qa"/>
      </extension>
    </extension>
    <extension url="http://hl7.org/fhir/tools/StructureDefinition/ig-parameter">
      <extension url="code">
        <valueString value="path-temp"/>
      </extension>
      <extension url="value">
        <valueString value="temp/pages"/>
      </extension>
    </extension>
    <extension url="http://hl7.org/fhir/tools/StructureDefinition/ig-parameter">
      <extension url="code">
        <valueString value="path-output"/>
      </extension>
      <extension url="value">
        <valueString value="output"/>
      </extension>
    </extension>
    <extension url="http://hl7.org/fhir/tools/StructureDefinition/ig-parameter">
      <extension url="code">
        <valueString value="path-suppressed-warnings"/>
      </extension>
      <extension url="value">
        <valueString value="input/ignoreWarnings.txt"/>
      </extension>
    </extension>
    <extension url="http://hl7.org/fhir/tools/StructureDefinition/ig-parameter">
      <extension url="code">
        <valueString value="template-html"/>
      </extension>
      <extension url="value">
        <valueString value="template-page.html"/>
      </extension>
    </extension>
    <extension url="http://hl7.org/fhir/tools/StructureDefinition/ig-parameter">
      <extension url="code">
        <valueString value="template-md"/>
      </extension>
      <extension url="value">
        <valueString value="template-page-md.html"/>
      </extension>
    </extension>
    <extension url="http://hl7.org/fhir/tools/StructureDefinition/ig-parameter">
      <extension url="code">
        <valueString value="apply-contact"/>
      </extension>
      <extension url="value">
        <valueString value="true"/>
      </extension>
    </extension>
    <extension url="http://hl7.org/fhir/tools/StructureDefinition/ig-parameter">
      <extension url="code">
        <valueString value="apply-context"/>
      </extension>
      <extension url="value">
        <valueString value="true"/>
      </extension>
    </extension>
    <extension url="http://hl7.org/fhir/tools/StructureDefinition/ig-parameter">
      <extension url="code">
        <valueString value="apply-copyright"/>
      </extension>
      <extension url="value">
        <valueString value="true"/>
      </extension>
    </extension>
    <extension url="http://hl7.org/fhir/tools/StructureDefinition/ig-parameter">
      <extension url="code">
        <valueString value="apply-jurisdiction"/>
      </extension>
      <extension url="value">
        <valueString value="true"/>
      </extension>
    </extension>
    <extension url="http://hl7.org/fhir/tools/StructureDefinition/ig-parameter">
      <extension url="code">
        <valueString value="apply-license"/>
      </extension>
      <extension url="value">
        <valueString value="true"/>
      </extension>
    </extension>
    <extension url="http://hl7.org/fhir/tools/StructureDefinition/ig-parameter">
      <extension url="code">
        <valueString value="apply-publisher"/>
      </extension>
      <extension url="value">
        <valueString value="true"/>
      </extension>
    </extension>
    <extension url="http://hl7.org/fhir/tools/StructureDefinition/ig-parameter">
      <extension url="code">
        <valueString value="apply-version"/>
      </extension>
      <extension url="value">
        <valueString value="true"/>
      </extension>
    </extension>
    <extension url="http://hl7.org/fhir/tools/StructureDefinition/ig-parameter">
      <extension url="code">
        <valueString value="active-tables"/>
      </extension>
      <extension url="value">
        <valueString value="true"/>
      </extension>
    </extension>
    <resource>
      <extension url="http://hl7.org/fhir/tools/StructureDefinition/resource-information">
        <valueString value="StructureDefinition:resource"/>
      </extension>
      <extension url="http://hl7.org/fhir/StructureDefinition/implementationguide-page">
        <valueUri value="StructureDefinition-pdex-device.html"/>
      </extension>
      <reference>
        <reference value="StructureDefinition/pdex-device"/>
      </reference>
      <name value="PDex Device"/>
      <description value="The PDex Device profile is provided to enable payers to record information about&#xA;devices used by a member that may not have a UDI number."/>
      <exampleBoolean value="false"/>
    </resource>
    <resource>
      <extension url="http://hl7.org/fhir/tools/StructureDefinition/resource-information">
        <valueString value="StructureDefinition:resource"/>
      </extension>
      <extension url="http://hl7.org/fhir/StructureDefinition/implementationguide-page">
        <valueUri value="StructureDefinition-pdex-medicationdispense.html"/>
      </extension>
      <reference>
        <reference value="StructureDefinition/pdex-medicationdispense"/>
      </reference>
      <name value="PDex MedicationDispense"/>
      <description value="Prescription Medications dispensed by a pharmacy to a health plan member and paid for in full, or in part, by the health plan"/>
      <exampleBoolean value="false"/>
    </resource>
    <resource>
      <extension url="http://hl7.org/fhir/tools/StructureDefinition/resource-information">
        <valueString value="StructureDefinition:resource"/>
      </extension>
      <extension url="http://hl7.org/fhir/StructureDefinition/implementationguide-page">
        <valueUri value="StructureDefinition-pdex-provenance.html"/>
      </extension>
      <reference>
        <reference value="StructureDefinition/pdex-provenance"/>
      </reference>
      <name value="PDex Provenance"/>
      <description value="Provenance is provided by&#xA;the payer to identify the source of the information, whether the data came via a clinical record&#xA;or a claim record and whether the data was subject to manual transcription or other interpretive transformation."/>
      <exampleBoolean value="false"/>
    </resource>
    <resource>
      <extension url="http://hl7.org/fhir/tools/StructureDefinition/resource-information">
        <valueString value="StructureDefinition:extension"/>
      </extension>
      <extension url="http://hl7.org/fhir/StructureDefinition/implementationguide-page">
        <valueUri value="StructureDefinition-DispenseRefill.html"/>
      </extension>
      <reference>
        <reference value="StructureDefinition/DispenseRefill"/>
      </reference>
      <name value="An attribute to express the refill number of a prescription"/>
      <description value="Attribute that identifies the refill number of a prescription. e.g. 0, 1, 2, etc."/>
      <exampleBoolean value="false"/>
    </resource>
    <resource>
      <extension url="http://hl7.org/fhir/tools/StructureDefinition/resource-information">
        <valueString value="StructureDefinition:extension"/>
      </extension>
      <extension url="http://hl7.org/fhir/StructureDefinition/implementationguide-page">
        <valueUri value="StructureDefinition-ProvenanceConversionFrom.html"/>
      </extension>
      <reference>
        <reference value="StructureDefinition/ProvenanceConversionFrom"/>
      </reference>
      <name value="An attribute to describe the data conversion performed"/>
      <description value="Attributes that identify the source record format from which data in the referenced resources was derived"/>
      <exampleBoolean value="false"/>
    </resource>
    <resource>
      <extension url="http://hl7.org/fhir/tools/StructureDefinition/resource-information">
        <valueString value="ValueSet"/>
      </extension>
      <extension url="http://hl7.org/fhir/StructureDefinition/implementationguide-page">
        <valueUri value="ValueSet-FDANationalDrugCode.html"/>
      </extension>
      <reference>
        <reference value="ValueSet/FDANationalDrugCode"/>
      </reference>
      <name value="FDA National Drug Code (NDC)"/>
      <description value="FDA National Drug Code (NDC)"/>
      <exampleBoolean value="false"/>
    </resource>
    <resource>
      <extension url="http://hl7.org/fhir/tools/StructureDefinition/resource-information">
        <valueString value="ValueSet"/>
      </extension>
      <extension url="http://hl7.org/fhir/StructureDefinition/implementationguide-page">
        <valueUri value="ValueSet-ProvenanceAgentType.html"/>
      </extension>
      <reference>
        <reference value="ValueSet/ProvenanceAgentType"/>
      </reference>
      <name value="Provenance Agent Type"/>
      <description value="Agent role performed relating to referenced resource"/>
      <exampleBoolean value="false"/>
    </resource>
    <resource>
      <extension url="http://hl7.org/fhir/tools/StructureDefinition/resource-information">
        <valueString value="ValueSet"/>
      </extension>
      <extension url="http://hl7.org/fhir/StructureDefinition/implementationguide-page">
        <valueUri value="ValueSet-ProvenancePayerConversionSource.html"/>
      </extension>
      <reference>
        <reference value="ValueSet/ProvenancePayerConversionSource"/>
      </reference>
      <name value="Source Data conversion"/>
      <description value="Source Data formats used as the source for FHIR referenced record by the Payer."/>
      <exampleBoolean value="false"/>
    </resource>
    <resource>
      <extension url="http://hl7.org/fhir/tools/StructureDefinition/resource-information">
        <valueString value="CodeSystem"/>
      </extension>
      <extension url="http://hl7.org/fhir/StructureDefinition/implementationguide-page">
        <valueUri value="CodeSystem-IdentifierTypeCS.html"/>
      </extension>
      <reference>
        <reference value="CodeSystem/IdentifierTypeCS"/>
      </reference>
      <name value="Identifier Type"/>
      <description value="Identifier Type"/>
      <exampleBoolean value="false"/>
    </resource>
    <resource>
      <extension url="http://hl7.org/fhir/tools/StructureDefinition/resource-information">
        <valueString value="CodeSystem"/>
      </extension>
      <extension url="http://hl7.org/fhir/StructureDefinition/implementationguide-page">
        <valueUri value="CodeSystem-ProvenanceAgentRoleType.html"/>
      </extension>
      <reference>
        <reference value="CodeSystem/ProvenanceAgentRoleType"/>
      </reference>
      <name value="Provenance Roles"/>
      <description value="CodeSystem for types of role relating to the creation or communication of referenced resources"/>
      <exampleBoolean value="false"/>
    </resource>
    <resource>
      <extension url="http://hl7.org/fhir/tools/StructureDefinition/resource-information">
        <valueString value="CodeSystem"/>
      </extension>
      <extension url="http://hl7.org/fhir/StructureDefinition/implementationguide-page">
        <valueUri value="CodeSystem-ProvenancePayerDataSource.html"/>
      </extension>
      <reference>
        <reference value="CodeSystem/ProvenancePayerDataSource"/>
      </reference>
      <name value="Provenance Payer Conversion Source Format"/>
      <description value="CodeSystem for source format standards"/>
      <exampleBoolean value="false"/>
    </resource>
    <resource>
      <extension url="http://hl7.org/fhir/tools/StructureDefinition/resource-information">
        <valueString value="Patient"/>
      </extension>
      <extension url="http://hl7.org/fhir/StructureDefinition/implementationguide-page">
        <valueUri value="Patient-1.html"/>
      </extension>
      <reference>
        <reference value="Patient/1"/>
      </reference>
      <name value="Patient1"/>
      <description value="US Core Patient Example1"/>
      <exampleBoolean value="true"/>
    </resource>
    <resource>
      <extension url="http://hl7.org/fhir/tools/StructureDefinition/resource-information">
        <valueString value="MedicationDispense"/>
      </extension>
      <extension url="http://hl7.org/fhir/StructureDefinition/implementationguide-page">
        <valueUri value="MedicationDispense-1000001.html"/>
      </extension>
      <reference>
        <reference value="MedicationDispense/1000001"/>
      </reference>
      <name value="ExampleMedicationDispenseClaim"/>
      <description value="Example of a MedicationDispense from a Claim"/>
      <exampleCanonical value="http://hl7.org/fhir/us/davinci-pdex/StructureDefinition/pdex-medicationdispense"/>
    </resource>
    <resource>
      <extension url="http://hl7.org/fhir/tools/StructureDefinition/resource-information">
        <valueString value="Provenance"/>
      </extension>
      <extension url="http://hl7.org/fhir/StructureDefinition/implementationguide-page">
        <valueUri value="Provenance-1000001.html"/>
      </extension>
      <reference>
        <reference value="Provenance/1000001"/>
      </reference>
      <name value="ExampleProvenanceTransmitter"/>
      <description value="Example of a Transmitter Provenance record for a bundle"/>
      <exampleCanonical value="http://hl7.org/fhir/us/davinci-pdex/StructureDefinition/pdex-provenance"/>
    </resource>
    <resource>
      <extension url="http://hl7.org/fhir/tools/StructureDefinition/resource-information">
        <valueString value="Provenance"/>
      </extension>
      <extension url="http://hl7.org/fhir/StructureDefinition/implementationguide-page">
        <valueUri value="Provenance-1000002.html"/>
      </extension>
      <reference>
        <reference value="Provenance/1000002"/>
      </reference>
      <name value="ExampleProvenanceAuthor"/>
      <description value="Example of an author Provenance record displaying a practitioner&#39;s organization as the author"/>
      <exampleCanonical value="http://hl7.org/fhir/us/davinci-pdex/StructureDefinition/pdex-provenance"/>
    </resource>
    <resource>
      <extension url="http://hl7.org/fhir/tools/StructureDefinition/resource-information">
        <valueString value="Provenance"/>
      </extension>
      <extension url="http://hl7.org/fhir/StructureDefinition/implementationguide-page">
        <valueUri value="Provenance-1000003.html"/>
      </extension>
      <reference>
        <reference value="Provenance/1000003"/>
      </reference>
      <name value="ExampleProvenanceSoloPractitioner"/>
      <description value="Example of an author Provenance record displaying a sole practitioner as the author"/>
      <exampleCanonical value="http://hl7.org/fhir/us/davinci-pdex/StructureDefinition/pdex-provenance"/>
    </resource>
    <resource>
      <extension url="http://hl7.org/fhir/tools/StructureDefinition/resource-information">
        <valueString value="Provenance"/>
      </extension>
      <extension url="http://hl7.org/fhir/StructureDefinition/implementationguide-page">
        <valueUri value="Provenance-1000004.html"/>
      </extension>
      <reference>
        <reference value="Provenance/1000004"/>
      </reference>
      <name value="ExampleProvenancePayerSource"/>
      <description value="Example of an payer being the source of the data"/>
      <exampleCanonical value="http://hl7.org/fhir/us/davinci-pdex/StructureDefinition/pdex-provenance"/>
    </resource>
    <resource>
      <extension url="http://hl7.org/fhir/tools/StructureDefinition/resource-information">
        <valueString value="Organization"/>
      </extension>
      <extension url="http://hl7.org/fhir/StructureDefinition/implementationguide-page">
        <valueUri value="Organization-2.html"/>
      </extension>
      <reference>
        <reference value="Organization/2"/>
      </reference>
      <name value="OrganizationPayer1"/>
      <description value="Payer1"/>
      <exampleBoolean value="true"/>
    </resource>
    <resource>
      <extension url="http://hl7.org/fhir/tools/StructureDefinition/resource-information">
        <valueString value="Organization"/>
      </extension>
      <extension url="http://hl7.org/fhir/StructureDefinition/implementationguide-page">
        <valueUri value="Organization-3.html"/>
      </extension>
      <reference>
        <reference value="Organization/3"/>
      </reference>
      <name value="OrganizationProvider1"/>
      <description value="Provider 1"/>
      <exampleBoolean value="true"/>
    </resource>
    <resource>
      <extension url="http://hl7.org/fhir/tools/StructureDefinition/resource-information">
        <valueString value="Practitioner"/>
      </extension>
      <extension url="http://hl7.org/fhir/StructureDefinition/implementationguide-page">
        <valueUri value="Practitioner-4.html"/>
      </extension>
      <reference>
        <reference value="Practitioner/4"/>
      </reference>
      <name value="ExamplePractitioner"/>
      <description value="Example of a Practitioner Record"/>
      <exampleBoolean value="true"/>
    </resource>
    <resource>
      <extension url="http://hl7.org/fhir/tools/StructureDefinition/resource-information">
        <valueString value="Location"/>
      </extension>
      <extension url="http://hl7.org/fhir/StructureDefinition/implementationguide-page">
        <valueUri value="Location-5.html"/>
      </extension>
      <reference>
        <reference value="Location/5"/>
      </reference>
      <name value="ExampleLocation"/>
      <description value="Example of a Pharmacy Location Record"/>
      <exampleBoolean value="true"/>
    </resource>
    <resource>
      <extension url="http://hl7.org/fhir/tools/StructureDefinition/resource-information">
        <valueString value="Encounter"/>
      </extension>
      <extension url="http://hl7.org/fhir/StructureDefinition/implementationguide-page">
        <valueUri value="Encounter-6.html"/>
      </extension>
      <reference>
        <reference value="Encounter/6"/>
      </reference>
      <name value="ExampleEncounter1"/>
      <description value="Example of an Encounter that has a provenance record"/>
      <exampleBoolean value="true"/>
    </resource>
    <resource>
      <extension url="http://hl7.org/fhir/tools/StructureDefinition/resource-information">
        <valueString value="Encounter"/>
      </extension>
      <extension url="http://hl7.org/fhir/StructureDefinition/implementationguide-page">
        <valueUri value="Encounter-7.html"/>
      </extension>
      <reference>
        <reference value="Encounter/7"/>
      </reference>
      <name value="ExampleEncounter2"/>
      <description value="Example of an Encounter that has a provenance record"/>
      <exampleBoolean value="true"/>
    </resource>
    <page>
      <nameUrl value="toc.html"/>
      <title value="Table of Contents"/>
      <generation value="html"/>
      <page>
        <nameUrl value="index.html"/>
        <title value="Home"/>
        <generation value="markdown"/>
      </page>
      <page>
        <nameUrl value="Overview.html"/>
        <title value="Overview"/>
        <generation value="markdown"/>
      </page>
      <page>
        <nameUrl value="Introduction.html"/>
        <title value="Introduction"/>
        <generation value="markdown"/>
      </page>
      <page>
        <nameUrl value="PDexImplementationActorsInteractionsDataPayloadsandMethods.html"/>
        <title value="PDex Implementation, Actors, Interactions, Data Payloads and Methods"/>
        <generation value="markdown"/>
        <page>
          <nameUrl value="HandlingDataProvenance.html"/>
          <title value="Handling Data Provenance"/>
          <generation value="markdown"/>
        </page>
        <page>
          <nameUrl value="PayerToPayerExchange.html"/>
          <title value="Payer-to-Payer Exchange"/>
          <generation value="markdown"/>
        </page>
        <page>
          <nameUrl value="DataMapping.html"/>
          <title value="Data Mapping"/>
          <generation value="markdown"/>
          <page>
            <nameUrl value="USCoreAllergyIntolerance.html"/>
            <title value="US Core AllergyIntolerance"/>
            <generation value="markdown"/>
          </page>
          <page>
            <nameUrl value="USCoreCarePlan.html"/>
            <title value="US Core CarePlan"/>
            <generation value="markdown"/>
          </page>
          <page>
            <nameUrl value="USCoreCareTeam.html"/>
            <title value="US Core CareTeam"/>
            <generation value="markdown"/>
          </page>
          <page>
            <nameUrl value="USCoreCondition.html"/>
            <title value="US Core Condition"/>
            <generation value="markdown"/>
          </page>
          <page>
            <nameUrl value="Coverage.html"/>
            <title value="Coverage"/>
            <generation value="markdown"/>
          </page>
          <page>
            <nameUrl value="PdexDevice.html"/>
            <title value="PDex Device"/>
            <generation value="markdown"/>
          </page>
          <page>
            <nameUrl value="USCoreDiagnosticReportforLaboratoryResultsReporting.html"/>
            <title value="US Core DiagnosticReport for Laboratory Results Reporting"/>
            <generation value="markdown"/>
          </page>
          <page>
            <nameUrl value="USCoreDiagnosticReportforReportandNoteExchange.html"/>
            <title value="US Core DiagnosticReport for Report and Note Exchange"/>
            <generation value="markdown"/>
          </page>
          <page>
            <nameUrl value="USCoreDocumentReference.html"/>
            <title value="US Core DocumentReference"/>
            <generation value="markdown"/>
          </page>
          <page>
            <nameUrl value="USCoreEncounter.html"/>
            <title value="US Core Encounter"/>
            <generation value="markdown"/>
          </page>
          <page>
            <nameUrl value="USCoreGoal.html"/>
            <title value="US Core Goal"/>
            <generation value="markdown"/>
          </page>
          <page>
            <nameUrl value="USCoreImmunization.html"/>
            <title value="US Core Immunization"/>
            <generation value="markdown"/>
          </page>
          <page>
            <nameUrl value="USCoreImplantableDevice.html"/>
            <title value="US Core ImplantableDevice"/>
            <generation value="markdown"/>
          </page>
          <page>
            <nameUrl value="USCoreLocation.html"/>
            <title value="US Core Location"/>
            <generation value="markdown"/>
          </page>
          <page>
            <nameUrl value="USCoreMedication.html"/>
            <title value="US Core Medication"/>
            <generation value="markdown"/>
          </page>
          <page>
            <nameUrl value="HRexMedicationDispense.html"/>
            <title value="HRex MedicationDispense"/>
            <generation value="markdown"/>
          </page>
          <page>
            <nameUrl value="USCoreMedicationRequest.html"/>
            <title value="US Core MedicationDispense"/>
            <generation value="markdown"/>
          </page>
          <page>
            <nameUrl value="USCoreOrganization.html"/>
            <title value="US Core Organization"/>
            <generation value="markdown"/>
          </page>
          <page>
            <nameUrl value="USCorePatient.html"/>
            <title value="US Core Patient"/>
            <generation value="markdown"/>
          </page>
          <page>
            <nameUrl value="USCorePediatricBMIforAgeObservation.html"/>
            <title value="US Core Pediatric BMI for Age Observation"/>
            <generation value="markdown"/>
          </page>
          <page>
            <nameUrl value="USCorePediatricWeightforHeightObservation.html"/>
            <title value="US Core Pediatric Weight for Height Observation"/>
            <generation value="markdown"/>
          </page>
          <page>
            <nameUrl value="USCorePractitioner.html"/>
            <title value="US Core Practitioner"/>
            <generation value="markdown"/>
          </page>
          <page>
            <nameUrl value="USCorePractitionerRole.html"/>
            <title value="US Core PractitionerRole"/>
            <generation value="markdown"/>
          </page>
          <page>
            <nameUrl value="USCoreProcedure.html"/>
            <title value="US Core Procedure"/>
            <generation value="markdown"/>
          </page>
          <page>
            <nameUrl value="PDexProvenance.html"/>
            <title value="PDex Provenance"/>
            <generation value="markdown"/>
          </page>
          <page>
            <nameUrl value="USCoreProvenance.html"/>
            <title value="US Core Provenance"/>
            <generation value="markdown"/>
          </page>
          <page>
            <nameUrl value="USCorePulseOximetry.html"/>
            <title value="US Core Pulse Oximetry"/>
            <generation value="markdown"/>
          </page>
          <page>
            <nameUrl value="USCoreSmokingStatusObservation.html"/>
            <title value="US Core Smoking Status Observation"/>
            <generation value="markdown"/>
          </page>
          <page>
            <nameUrl value="VitalSigns.html"/>
            <title value="VitalSigns"/>
            <generation value="markdown"/>
          </page>
        </page>
      </page>
      <page>
        <nameUrl value="UseCaseScenarios.html"/>
        <title value="Use Case Scenarios"/>
        <generation value="markdown"/>
      </page>
      <page>
        <nameUrl value="Provider-controlledInformationRequestsandFiltering.html"/>
        <title value="Provider-controlled Information Requests and Filtering"/>
        <generation value="markdown"/>
      </page>
      <page>
        <nameUrl value="CDS-Hooks.html"/>
        <title value="CDS Hooks"/>
        <generation value="markdown"/>
        <page>
          <nameUrl value="WorkflowExamples.html"/>
          <title value="Workflow Examples"/>
          <generation value="markdown"/>
        </page>
      </page>
      <page>
        <nameUrl value="Member-AuthorizedOAuth2Exchange.html"/>
        <title value="Member-Authorized OAuth2.0 Exchange"/>
        <generation value="markdown"/>
      </page>
      <page>
        <nameUrl value="Credits.html"/>
        <title value="Credits"/>
        <generation value="markdown"/>
      </page>
      <page>
        <nameUrl value="Downloads.html"/>
        <title value="Downloads"/>
        <generation value="markdown"/>
      </page>
    </page>
    <parameter>
      <code value="path-resource"/>
      <value value="input/capabilities"/>
    </parameter>
    <parameter>
      <code value="path-resource"/>
      <value value="input/examples"/>
    </parameter>
    <parameter>
      <code value="path-resource"/>
      <value value="input/extensions"/>
    </parameter>
    <parameter>
      <code value="path-resource"/>
      <value value="input/models"/>
    </parameter>
    <parameter>
      <code value="path-resource"/>
      <value value="input/operations"/>
    </parameter>
    <parameter>
      <code value="path-resource"/>
      <value value="input/profiles"/>
    </parameter>
    <parameter>
      <code value="path-resource"/>
      <value value="input/resources"/>
    </parameter>
    <parameter>
      <code value="path-resource"/>
      <value value="input/vocabulary"/>
    </parameter>
    <parameter>
      <code value="path-resource"/>
      <value value="input/maps"/>
    </parameter>
    <parameter>
      <code value="path-resource"/>
      <value value="input/testing"/>
    </parameter>
    <parameter>
      <code value="path-resource"/>
      <value value="input/history"/>
    </parameter>
    <parameter>
      <code value="path-pages"/>
      <value value="template/config"/>
    </parameter>
    <parameter>
      <code value="path-pages"/>
      <value value="input/images"/>
    </parameter>
    <parameter>
      <code value="path-tx-cache"/>
      <value value="input-cache/txcache"/>
    </parameter>
  </definition>
</ImplementationGuide>