<?xml version="1.0" encoding="UTF-8"?>

<ImplementationGuide xmlns="http://hl7.org/fhir">
  <id value="hl7.fhir.us.davinci-pdex-0.0.9.187"/>
  <meta>
    <versionId value="188"/>
    <lastUpdated value="2019-06-05T07:26:28.000-04:00"/>
    <security>
      <system value="https://trifolia-fhir.lantanagroup.com/security"/>
      <code value="everyone^write"/>
    </security>
    <security>
      <system value="https://trifolia-fhir.lantanagroup.com/security"/>
      <code value="everyone^read"/>
    </security>
  </meta>
  <text>
    <status value="generated"/><div xmlns="http://www.w3.org/1999/xhtml"><h2>DaVinciPayerDataExchange</h2><p>The official URL for this implementation guide is: </p><pre>http://hl7.org/fhir/us/davinci-pdex/ImplementationGuide/davinci-pdex</pre><div><p>This specification is currently undergoing ballot and connectathon testing. It is expected to evolve, possibly significantly, as part of that process.
Feedback is welcome and may be submitted through the FHIR gForge tracker indicating US Da Vinci PDex as the specification. If balloting on this IG, please submit your comments via the tracker and just reference them in your ballot submission implementation guide.</p>
<p>See the <a href="toc.html">Table of Contents</a> for more information.</p>
<h4>Latest Changes</h4>
<ul>
<li>(186) Value Sets to be resolved later</li>
<li>(184) Raise OAuth2.0 to higher level in IG</li>
<li>(181) Add section on mapping of IDs in bundles (section 3-6)</li>
<li>(180) Update diagrams. Add SMART-on-FHIR flow diagram. Add Oauth2.0+FHIR flow diagram.</li>
<li>(174) Add use of NDJson Bulk FHIR format to Patient-everything.</li>
<li>(173) Member Health History reference in Payloads section</li>
<li>(172) Minor changes to Encounter table of US Core Essential fields.</li>
<li>(171) Add example of ADT to FHIR conversion.</li>
<li>(170) Remove Patient/$everything support. Retain Patient/[ID]/$everything.</li>
<li>(168) Refine Patient-everything operation details: section 3-4-3. Update Credits section</li>
<li>(167) Add image of transformation flows to Overview section</li>
<li>(163) Add information on minimum fields to be supplied for clinical resources. Added sub-sections to 3-6 Data Mapping</li>
<li>(159) Fix section 6-2 for invalid title syntax</li>
<li>(158) Minor changes in Introduction section, Added DocumentReference Graceful write degradation, full IG review</li>
<li>(149) Removing MedicationDispense to enable IG Build</li>
<li>(148) Add Patient-everything operation as payload option</li>
<li>(147) Add MedicationDispense Resource, Add additional sections for Data Mapping, Expand on Data Provenance</li>
<li>(146) Add link to CMS BB2.0 Field Glossary, Add example TODO to Patient</li>
</ul>
</div></div>
  </text>
  <url value="http://hl7.org/fhir/us/davinci-pdex/ImplementationGuide/davinci-pdex"/>
  <version value="0.0.9.187"/>
  <name value="DaVinciPayerDataExchange"/>
  <title value="Da Vinci Payer Data exchange"/>
  <status value="draft"/>
  <publisher value="HL7 Da Vinci"/>
  <contact>
    <name value="Mark Scrimshire (mark@ekivemark.com)"/>
  </contact>
  <description value="This specification is currently undergoing ballot and connectathon testing. It is expected to evolve, possibly significantly, as part of that process.&#xA;Feedback is welcome and may be submitted through the FHIR gForge tracker indicating US Da Vinci PDex as the specification. If balloting on this IG, please submit your comments via the tracker and just reference them in your ballot submission implementation guide.&#xA;&#xA;See the [Table of Contents](toc.html) for more information.&#xA;&#xA;#### Latest Changes&#xA;- (186) Value Sets to be resolved later&#xA;- (184) Raise OAuth2.0 to higher level in IG&#xA;- (181) Add section on mapping of IDs in bundles (section 3-6)&#xA;- (180) Update diagrams. Add SMART-on-FHIR flow diagram. Add Oauth2.0+FHIR flow diagram.&#xA;- (174) Add use of NDJson Bulk FHIR format to Patient-everything. &#xA;- (173) Member Health History reference in Payloads section&#xA;- (172) Minor changes to Encounter table of US Core Essential fields.&#xA;- (171) Add example of ADT to FHIR conversion.&#xA;- (170) Remove Patient/$everything support. Retain Patient/[ID]/$everything.&#xA;- (168) Refine Patient-everything operation details: section 3-4-3. Update Credits section&#xA;- (167) Add image of transformation flows to Overview section&#xA;- (163) Add information on minimum fields to be supplied for clinical resources. Added sub-sections to 3-6 Data Mapping&#xA;- (159) Fix section 6-2 for invalid title syntax&#xA;- (158) Minor changes in Introduction section, Added DocumentReference Graceful write degradation, full IG review&#xA;- (149) Removing MedicationDispense to enable IG Build&#xA;- (148) Add Patient-everything operation as payload option&#xA;- (147) Add MedicationDispense Resource, Add additional sections for Data Mapping, Expand on Data Provenance&#xA;- (146) Add link to CMS BB2.0 Field Glossary, Add example TODO to Patient &#xA;&#xA;"/>
  <packageId value="hl7.fhir.us.davinci-pdex"/>
  <license value="CC0-1.0"/>
  <fhirVersion value="4.0.0"/>
  <dependsOn>
    <uri value="http://hl7.org/fhir/us/davinci-hrex/ImplementationGuide/davinci-hrex"/>
    <packageId value="hl7.fhir.us.davinci-hrex"/>
    <version value="current"/>
  </dependsOn>
  <dependsOn>
    <uri value="http://hl7.org/fhir/us/core-r4/ImplementationGuide/ig"/>
    <packageId value="hl7.fhir.us.core.r4"/>
    <version value="current"/>
  </dependsOn>
  <definition>
    <page>
      <nameUrl value="toc.md"/>
      <title value="Table of Contents"/>
      <generation value="generated"/>
      <page>
        <nameUrl value="1_Home_Page.html"/>
        <title value="1 Home Page"/>
        <generation value="markdown"/>
        <page>
          <nameUrl value="1-1_Overview.html"/>
          <title value="1-1 Overview"/>
          <generation value="markdown"/>
        </page>
        <page>
          <nameUrl value="1-2_Conventions.html"/>
          <title value="1-2 Conventions"/>
          <generation value="markdown"/>
        </page>
      </page>
      <page>
        <nameUrl value="2_Introduction.html"/>
        <title value="2 Introduction"/>
        <generation value="markdown"/>
        <page>
          <nameUrl value="2-1_Implementation_Guide_Scope.html"/>
          <title value="2-1 Implementation Guide Scope"/>
          <generation value="markdown"/>
        </page>
        <page>
          <nameUrl value="2-2_Member_Consent.html"/>
          <title value="2-2 Member Consent"/>
          <generation value="markdown"/>
        </page>
        <page>
          <nameUrl value="2-3_FHIR.html"/>
          <title value="2-3 FHIR"/>
          <generation value="markdown"/>
        </page>
        <page>
          <nameUrl value="2-4_Supporting_Specifications.html"/>
          <title value="2-4 Supporting Specifications"/>
          <generation value="markdown"/>
        </page>
        <page>
          <nameUrl value="2-5_Implementation_Assumptions.html"/>
          <title value="2-5 Implementation Assumptions"/>
          <generation value="markdown"/>
        </page>
        <page>
          <nameUrl value="2-6_Implementation_Hierarchy_and_Priorities.html"/>
          <title value="2-6 Implementation Hierarchy and Priorities"/>
          <generation value="markdown"/>
        </page>
        <page>
          <nameUrl value="2-7_PDex_Data_Payloads.html"/>
          <title value="2-7 PDex Data Payloads"/>
          <generation value="markdown"/>
        </page>
      </page>
      <page>
        <nameUrl value="3_PDex_Implementation_Actors,_Interactions,_Data_Payloads_and_Methods.html"/>
        <title value="3 PDex Implementation Actors, Interactions, Data Payloads and Methods"/>
        <generation value="markdown"/>
        <page>
          <nameUrl value="3-1_Actors.html"/>
          <title value="3-1 Actors"/>
          <generation value="markdown"/>
        </page>
        <page>
          <nameUrl value="3-2_Exchange_Interactions.html"/>
          <title value="3-2 Exchange Interactions"/>
          <generation value="markdown"/>
        </page>
        <page>
          <nameUrl value="3-3_Data_Payloads.html"/>
          <title value="3-3 Data Payloads"/>
          <generation value="markdown"/>
        </page>
        <page>
          <nameUrl value="3-4_Interaction_Methods.html"/>
          <title value="3-4 Interaction Methods"/>
          <generation value="markdown"/>
        </page>
        <page>
          <nameUrl value="3-5_Interaction_and_Payload_Matrix.html"/>
          <title value="3-5 Interaction and Payload Matrix"/>
          <generation value="markdown"/>
        </page>
        <page>
          <nameUrl value="3-6_Data_Mapping.html"/>
          <title value="3-6 Data Mapping"/>
          <generation value="markdown"/>
          <page>
            <nameUrl value="3-6-1_US_Core_Patient.html"/>
            <title value="3-6-1 US Core Patient"/>
            <generation value="markdown"/>
          </page>
          <page>
            <nameUrl value="3-6-2_Coverage.html"/>
            <title value="3-6-2 Coverage"/>
            <generation value="markdown"/>
          </page>
          <page>
            <nameUrl value="3-6-3_US_Core_Encounter.html"/>
            <title value="3-6-3 US Core Encounter"/>
            <generation value="markdown"/>
          </page>
          <page>
            <nameUrl value="3-6-4_US_Core_Location.html"/>
            <title value="3-6-4 US Core Location"/>
            <generation value="markdown"/>
          </page>
          <page>
            <nameUrl value="3-6-5_MedicationDispense.html"/>
            <title value="3-6-5 MedicationDispense"/>
            <generation value="markdown"/>
          </page>
          <page>
            <nameUrl value="3-6-6_US_Core_Practitioner.html"/>
            <title value="3-6-6 US Core Practitioner"/>
            <generation value="markdown"/>
          </page>
          <page>
            <nameUrl value="3-6-7_US_Core_Procedure.html"/>
            <title value="3-6-7 US Core Procedure"/>
            <generation value="markdown"/>
          </page>
          <page>
            <nameUrl value="3-6-8_US_Core_Condition.html"/>
            <title value="3-6-8 US Core Condition"/>
            <generation value="markdown"/>
          </page>
          <page>
            <nameUrl value="3-6-9_US_Core_AllergyIntolerance.html"/>
            <title value="3-6-9 US Core AllergyIntolerance"/>
            <generation value="markdown"/>
          </page>
          <page>
            <nameUrl value="3-6-10_US_Core_Immunization.html"/>
            <title value="3-6-10 US Core Immunization"/>
            <generation value="markdown"/>
          </page>
          <page>
            <nameUrl value="3-6-11_US_Core_DiagnosticReport.html"/>
            <title value="3-6-11 US Core DiagnosticReport"/>
            <generation value="markdown"/>
          </page>
          <page>
            <nameUrl value="3-6-12_US_Core_Observation.html"/>
            <title value="3-6-12 US Core Observation"/>
            <generation value="markdown"/>
          </page>
          <page>
            <nameUrl value="3-6-13_US_Core_DocumentReference.html"/>
            <title value="3-6-13 US Core DocumentReference"/>
            <generation value="markdown"/>
          </page>
        </page>
      </page>
      <page>
        <nameUrl value="4_Use_Case_Scenarios.html"/>
        <title value="4 Use Case Scenarios"/>
        <generation value="markdown"/>
        <page>
          <nameUrl value="4-1_Patient_Persona.html"/>
          <title value="4-1 Patient Persona"/>
          <generation value="markdown"/>
        </page>
        <page>
          <nameUrl value="4-2_Useful_Patient_History_for_Providers.html"/>
          <title value="4-2 Useful Patient History for Providers"/>
          <generation value="markdown"/>
        </page>
      </page>
      <page>
        <nameUrl value="5_Provider-controlled_Information_Requests_and_Filtering.html"/>
        <title value="5 Provider-controlled Information Requests and Filtering"/>
        <generation value="markdown"/>
      </page>
      <page>
        <nameUrl value="6_CDS-Hooks.html"/>
        <title value="6 CDS-Hooks"/>
        <generation value="markdown"/>
        <page>
          <nameUrl value="6-1_Support_for_FHIR_R4.html"/>
          <title value="6-1 Support for FHIR R4"/>
          <generation value="markdown"/>
        </page>
        <page>
          <nameUrl value="6-2_Additional_or_Modified_Hooks.html"/>
          <title value="6-2 Additional or Modified Hooks"/>
          <generation value="markdown"/>
        </page>
        <page>
          <nameUrl value="6-3_PDex_Hooks.html"/>
          <title value="6-3 PDex Hooks"/>
          <generation value="markdown"/>
        </page>
        <page>
          <nameUrl value="6-4_Hook_Configuration.html"/>
          <title value="6-4 Hook Configuration"/>
          <generation value="markdown"/>
        </page>
        <page>
          <nameUrl value="6-5_Systems.html"/>
          <title value="6-5 Systems"/>
          <generation value="markdown"/>
        </page>
        <page>
          <nameUrl value="6-6_Workflow_Examples.html"/>
          <title value="6-6 Workflow Examples"/>
          <generation value="markdown"/>
          <page>
            <nameUrl value="6-6-1_First_Visit_with_New_Provider.html"/>
            <title value="6-6-1 First Visit with New Provider"/>
            <generation value="markdown"/>
          </page>
          <page>
            <nameUrl value="6-6-2_Return_Visit_with_Provider.html"/>
            <title value="6-6-2 Return Visit with Provider"/>
            <generation value="markdown"/>
          </page>
          <page>
            <nameUrl value="6-6-3_FHIR_Profiles_and_CDS_Hooks_Context.html"/>
            <title value="6-6-3 FHIR Profiles and CDS Hooks Context"/>
            <generation value="markdown"/>
          </page>
        </page>
        <page>
          <nameUrl value="6-7_Handling_Data_Provenance.html"/>
          <title value="6-7 Handling Data Provenance"/>
          <generation value="markdown"/>
        </page>
      </page>
      <page>
        <nameUrl value="7_Member-Authorized_OAuth2_Exchange.html"/>
        <title value="7 Member-Authorized OAuth2 Exchange"/>
        <generation value="markdown"/>
      </page>
      <page>
        <nameUrl value="8_Credits.html"/>
        <title value="8 Credits"/>
        <generation value="markdown"/>
      </page>
    </page>
  </definition>
</ImplementationGuide>