<?xml version="1.0" encoding="UTF-8"?>

<ImplementationGuide xmlns="http://hl7.org/fhir">
  <id value="hl7.fhir.us.davinci-pdex"/>
  <text>
    <status value="extensions"/><div xmlns="http://www.w3.org/1999/xhtml"><h2>DaVinciPayerDataExchange</h2><p>The official URL for this implementation guide is: </p><pre>http://hl7.org/fhir/us/davinci-pdex/ImplementationGuide/hl7.fhir.us.davinci-pdex</pre><div><p>This specification is currently undergoing ballot and connectathon testing. It is expected to evolve, possibly significantly, as part of that process.
Feedback is welcome and may be submitted through the FHIR JIRA tracker indicating US Da Vinci PDex as the specification. If balloting on this IG, please submit your comments via the tracker and reference them in your ballot submission implementation guide.</p>
<p>This guide can be reviewed offline. Go to the Downloads section. Click on the link to download the full Implementation Guide as a zip file. Expand the zip file and use a web browser to launch the index.html file in the directory created by the zip extract process. External hyperlinks in the guide will not be available unless you have an active internet connection.</p>
<p><a href="https://confluence.hl7.org/display/FM/Financial+Management+Home">Financial Management</a> is the Sponsoring Work Group for this Implementation Guide.</p>
<p><strong>The Payer Data Exchange (PDex) Implementation Guide (IG) is provided for Payers/Health Plans to enable them to create a Member's Health History using clinical resources (based on US Core Profiles based on FHIR R4) which can be understood by providers and, if they choose to, committed to their Electronic Medical Records (EMR) System.</strong></p>
<p>The PDex work group has made changes to the original version of the IG following the publication of the final CMS Interoperability and Patient Access Rule.</p>
<p>This IG uses the same Member Health History &quot;payload&quot; for member-authorized exchange of information with other Health Plans and with Third-Party Applications. It describes the interaction patterns that, when followed, allow the various parties involved in managing healthcare and payer data to more easily integrate and exchange data securely and effectively.</p>
<p>This IG covers the exchange of:</p>
<ul>
<li>Claims-based information</li>
<li>Clinical Information (such as Lab Results, Allergies and Conditions)</li>
</ul>
<p>This IG covers the exchange of this information using US Core and Da Vinci Health Record Exchange (HRex) Profiles. This superset of clinical profiles forms the Health Plan Member's Health History.</p>
<p>This IG covers the exchange of a Member's Health History in the following scenarios:</p>
<ul>
<li>Provider requested Provider-Health Plan Exchange using CDS-Hooks and SMART-on-FHIR</li>
<li>Member-authorized Health Plan to Health Plan exchange</li>
<li>Member-authorized Health Plan to Third-Party Application exchange</li>
</ul>
<p>The latter two scenarios are provided to meet the requirements identified in the CMS Interoperability Notice for Proposed Rule Making issued on February 11, 2019.</p>
<p><strong>There are items in this guide that are subject to update</strong>. This includes:</p>
<ul>
<li>Value Sets</li>
<li>Vocabularies (X12, NUBC etc.)</li>
<li>Examples</li>
</ul>
<p><strong>The Vocabulary, Value Sets and codings used to express data in this IG are subject to review and will be reconciled with</strong>  <a href="http://www.x12.org">X12</a>.</p>
<p>See the <a href="toc.html">Table of Contents</a> for more information.</p>
</div></div>
  </text>
  <url value="http://hl7.org/fhir/us/davinci-pdex/ImplementationGuide/hl7.fhir.us.davinci-pdex"/>
  <version value="1.0.0"/>
  <name value="DaVinciPayerDataExchange"/>
  <title value="Da Vinci Payer Data exchange"/>
  <status value="draft"/>
  <date value="2020-12-01T03:11:56-05:00"/>
  <contact>
    <name value="Mark Scrimshire (mark.scrimshire@onyxhealth.io)"/>
    <telecom>
      <system value="email"/>
      <value value="mailto:mark@ekivemark.com0"/>
    </telecom>
  </contact>
  <contact>
    <name value="HL7 International - Financial Management"/>
    <telecom>
      <system value="url"/>
      <value value="http://www.hl7.org/Special/committees/fm"/>
    </telecom>
  </contact>
  <description value="This specification is currently undergoing ballot and connectathon testing. It is expected to evolve, possibly significantly, as part of that process.&#xA;Feedback is welcome and may be submitted through the FHIR JIRA tracker indicating US Da Vinci PDex as the specification. If balloting on this IG, please submit your comments via the tracker and reference them in your ballot submission implementation guide.&#xA;&#xA;This guide can be reviewed offline. Go to the Downloads section. Click on the link to download the full Implementation Guide as a zip file. Expand the zip file and use a web browser to launch the index.html file in the directory created by the zip extract process. External hyperlinks in the guide will not be available unless you have an active internet connection. &#xA;&#xA;[Financial Management](https://confluence.hl7.org/display/FM/Financial+Management+Home) is the Sponsoring Work Group for this Implementation Guide.&#xA;&#xA;**The Payer Data Exchange (PDex) Implementation Guide (IG) is provided for Payers/Health Plans to enable them to create a Member&#39;s Health History using clinical resources (based on US Core Profiles based on FHIR R4) which can be understood by providers and, if they choose to, committed to their Electronic Medical Records (EMR) System.**&#xA;&#xA;The PDex work group has made changes to the original version of the IG following the publication of the final CMS Interoperability and Patient Access Rule.&#xA;&#xA;This IG uses the same Member Health History &quot;payload&quot; for member-authorized exchange of information with other Health Plans and with Third-Party Applications. It describes the interaction patterns that, when followed, allow the various parties involved in managing healthcare and payer data to more easily integrate and exchange data securely and effectively.&#xA;&#xA;This IG covers the exchange of:&#xA;- Claims-based information&#xA;- Clinical Information (such as Lab Results, Allergies and Conditions)&#xA;&#xA;This IG covers the exchange of this information using US Core and Da Vinci Health Record Exchange (HRex) Profiles. This superset of clinical profiles forms the Health Plan Member&#39;s Health History. &#xA;&#xA;This IG covers the exchange of a Member&#39;s Health History in the following scenarios:&#xA;- Provider requested Provider-Health Plan Exchange using CDS-Hooks and SMART-on-FHIR&#xA;- Member-authorized Health Plan to Health Plan exchange&#xA;- Member-authorized Health Plan to Third-Party Application exchange&#xA;&#xA;The latter two scenarios are provided to meet the requirements identified in the CMS Interoperability Notice for Proposed Rule Making issued on February 11, 2019.&#xA;&#xA;**There are items in this guide that are subject to update**. This includes:&#xA;- Value Sets&#xA;- Vocabularies (X12, NUBC etc.)&#xA;- Examples&#xA;&#xA;**The Vocabulary, Value Sets and codings used to express data in this IG are subject to review and will be reconciled with**  [X12](http://www.x12.org).&#xA;&#xA;See the [Table of Contents](toc.html) for more information.&#xA;"/>
  <jurisdiction>
    <coding>
      <system value="urn:iso:std:iso:3166"/>
      <code value="US"/>
    </coding>
  </jurisdiction>
  <packageId value="hl7.fhir.us.davinci-pdex"/>
  <license value="CC0-1.0"/>
  <fhirVersion value="4.0.1"/>
  <dependsOn id="hl7_fhir_us_core">
    <uri value="http://hl7.org/fhir/us/core/ImplementationGuide/hl7.fhir.us.core"/>
    <packageId value="hl7.fhir.us.core"/>
    <version value="3.1.1"/>
  </dependsOn>
  <dependsOn id="hl7_fhir_us_davinci_hrex">
    <uri value="http://hl7.org/fhir/us/davinci-hrex/ImplementationGuide/hl7.fhir.us.davinci-hrex"/>
    <packageId value="hl7.fhir.us.davinci-hrex"/>
    <version value="0.2.0"/>
  </dependsOn>
  <definition>
    <extension url="http://hl7.org/fhir/tools/StructureDefinition/ig-parameter">
      <extension url="code">
        <valueString value="copyrightyear"/>
      </extension>
      <extension url="value">
        <valueString value="2020+"/>
      </extension>
    </extension>
    <extension url="http://hl7.org/fhir/tools/StructureDefinition/ig-parameter">
      <extension url="code">
        <valueString value="releaselabel"/>
      </extension>
      <extension url="value">
        <valueString value="CI Build"/>
      </extension>
    </extension>
    <extension url="http://hl7.org/fhir/tools/StructureDefinition/ig-parameter">
      <extension url="code">
        <valueString value="show-inherited-invariants"/>
      </extension>
      <extension url="value">
        <valueString value="false"/>
      </extension>
    </extension>
    <extension url="http://hl7.org/fhir/tools/StructureDefinition/ig-parameter">
      <extension url="code">
        <valueString value="path-history"/>
      </extension>
      <extension url="value">
        <valueString value="http://hl7.org/fhir/us/davinci-pdex/history.html"/>
      </extension>
    </extension>
    <extension url="http://hl7.org/fhir/tools/StructureDefinition/ig-parameter">
      <extension url="code">
        <valueString value="path-liquid"/>
      </extension>
      <extension url="value">
        <valueString value="template/liquid"/>
      </extension>
    </extension>
    <extension url="http://hl7.org/fhir/tools/StructureDefinition/ig-parameter">
      <extension url="code">
        <valueString value="path-liquid"/>
      </extension>
      <extension url="value">
        <valueString value="input/liquid"/>
      </extension>
    </extension>
    <extension url="http://hl7.org/fhir/tools/StructureDefinition/ig-parameter">
      <extension url="code">
        <valueString value="path-qa"/>
      </extension>
      <extension url="value">
        <valueString value="temp/qa"/>
      </extension>
    </extension>
    <extension url="http://hl7.org/fhir/tools/StructureDefinition/ig-parameter">
      <extension url="code">
        <valueString value="path-temp"/>
      </extension>
      <extension url="value">
        <valueString value="temp/pages"/>
      </extension>
    </extension>
    <extension url="http://hl7.org/fhir/tools/StructureDefinition/ig-parameter">
      <extension url="code">
        <valueString value="path-output"/>
      </extension>
      <extension url="value">
        <valueString value="output"/>
      </extension>
    </extension>
    <extension url="http://hl7.org/fhir/tools/StructureDefinition/ig-parameter">
      <extension url="code">
        <valueString value="path-suppressed-warnings"/>
      </extension>
      <extension url="value">
        <valueString value="input/ignoreWarnings.txt"/>
      </extension>
    </extension>
    <extension url="http://hl7.org/fhir/tools/StructureDefinition/ig-parameter">
      <extension url="code">
        <valueString value="template-html"/>
      </extension>
      <extension url="value">
        <valueString value="template-page.html"/>
      </extension>
    </extension>
    <extension url="http://hl7.org/fhir/tools/StructureDefinition/ig-parameter">
      <extension url="code">
        <valueString value="template-md"/>
      </extension>
      <extension url="value">
        <valueString value="template-page-md.html"/>
      </extension>
    </extension>
    <extension url="http://hl7.org/fhir/tools/StructureDefinition/ig-parameter">
      <extension url="code">
        <valueString value="apply-contact"/>
      </extension>
      <extension url="value">
        <valueString value="true"/>
      </extension>
    </extension>
    <extension url="http://hl7.org/fhir/tools/StructureDefinition/ig-parameter">
      <extension url="code">
        <valueString value="apply-context"/>
      </extension>
      <extension url="value">
        <valueString value="true"/>
      </extension>
    </extension>
    <extension url="http://hl7.org/fhir/tools/StructureDefinition/ig-parameter">
      <extension url="code">
        <valueString value="apply-copyright"/>
      </extension>
      <extension url="value">
        <valueString value="true"/>
      </extension>
    </extension>
    <extension url="http://hl7.org/fhir/tools/StructureDefinition/ig-parameter">
      <extension url="code">
        <valueString value="apply-jurisdiction"/>
      </extension>
      <extension url="value">
        <valueString value="true"/>
      </extension>
    </extension>
    <extension url="http://hl7.org/fhir/tools/StructureDefinition/ig-parameter">
      <extension url="code">
        <valueString value="apply-license"/>
      </extension>
      <extension url="value">
        <valueString value="true"/>
      </extension>
    </extension>
    <extension url="http://hl7.org/fhir/tools/StructureDefinition/ig-parameter">
      <extension url="code">
        <valueString value="apply-publisher"/>
      </extension>
      <extension url="value">
        <valueString value="true"/>
      </extension>
    </extension>
    <extension url="http://hl7.org/fhir/tools/StructureDefinition/ig-parameter">
      <extension url="code">
        <valueString value="apply-version"/>
      </extension>
      <extension url="value">
        <valueString value="true"/>
      </extension>
    </extension>
    <extension url="http://hl7.org/fhir/tools/StructureDefinition/ig-parameter">
      <extension url="code">
        <valueString value="active-tables"/>
      </extension>
      <extension url="value">
        <valueString value="true"/>
      </extension>
    </extension>
    <resource>
      <extension url="http://hl7.org/fhir/tools/StructureDefinition/resource-information">
        <valueString value="StructureDefinition:resource"/>
      </extension>
      <reference>
        <reference value="StructureDefinition/hrex-coverage"/>
      </reference>
      <name value="HRex Coverage Profile"/>
      <description value="The HRex Coverage Profile defines the constraints for representing a member&#39;s healthcare insurance information to the Payer.  Coverage instances complying with this profile, sometimes together with the Patient which this profile references via `beneficiary`, allows a payer to identify a member in their system."/>
      <exampleBoolean value="false"/>
    </resource>
    <resource>
      <extension url="http://hl7.org/fhir/tools/StructureDefinition/resource-information">
        <valueString value="StructureDefinition:resource"/>
      </extension>
      <reference>
        <reference value="StructureDefinition/pdex-device"/>
      </reference>
      <name value="PDex Device"/>
      <description value="The PDex Device profile is provided to enable payers to record information about devices used by a member that may not have a UDI number."/>
      <exampleBoolean value="false"/>
    </resource>
    <resource>
      <extension url="http://hl7.org/fhir/tools/StructureDefinition/resource-information">
        <valueString value="StructureDefinition:resource"/>
      </extension>
      <reference>
        <reference value="StructureDefinition/pdex-medicationdispense"/>
      </reference>
      <name value="PDex MedicationDispense"/>
      <description value="Prescription Medications dispensed by a pharmacy to a health plan member and paid for in full, or in part, by the health plan"/>
      <exampleBoolean value="false"/>
    </resource>
    <resource>
      <extension url="http://hl7.org/fhir/tools/StructureDefinition/resource-information">
        <valueString value="StructureDefinition:resource"/>
      </extension>
      <reference>
        <reference value="StructureDefinition/pdex-provenance"/>
      </reference>
      <name value="PDex Provenance"/>
      <description value="Provenance is provided by the payer to identify the source of the information, whether the data came via a clinical record or a claim record and whether the data was subject to manual transcription or other interpretive transformation. This profile adds PayerSourceFormat as an extension on the entity base element."/>
      <exampleBoolean value="false"/>
    </resource>
    <resource>
      <extension url="http://hl7.org/fhir/tools/StructureDefinition/resource-information">
        <valueString value="StructureDefinition:extension"/>
      </extension>
      <reference>
        <reference value="StructureDefinition/DispenseRefill"/>
      </reference>
      <name value="An attribute to express the refill number of a prescription"/>
      <description value="Attribute that identifies the refill number of a prescription. e.g. 0, 1, 2, etc."/>
      <exampleBoolean value="false"/>
    </resource>
    <resource>
      <extension url="http://hl7.org/fhir/tools/StructureDefinition/resource-information">
        <valueString value="StructureDefinition:extension"/>
      </extension>
      <reference>
        <reference value="StructureDefinition/ProvenanceSourceFrom"/>
      </reference>
      <name value="An attribute to describe the data source a resource was constructed from"/>
      <description value="Attributes that identify the source record format from which data in the referenced resources was derived"/>
      <exampleBoolean value="false"/>
    </resource>
    <resource>
      <extension url="http://hl7.org/fhir/tools/StructureDefinition/resource-information">
        <valueString value="ValueSet"/>
      </extension>
      <reference>
        <reference value="ValueSet/FDANationalDrugCode"/>
      </reference>
      <name value="FDA National Drug Code (NDC)"/>
      <description value="The Drug Listing Act of 1972 requires registered drug establishments to provide the Food and Drug Administration (FDA) with a current list of all drugs manufactured, prepared, propagated, compounded, or processed by it for commercial distribution.  (See Section 510 of the Federal Food, Drug, and Cosmetic Act (Act) (21 U.S.C. &#xA7; 360)). Drug products are identified and reported using a unique, three-segment number, called the National Drug Code (NDC), which serves as a universal product identifier for drugs. FDA publishes the listed NDC numbers and the information submitted as part of the listing information in the NDC Directory which is updated daily.&#xA;&#xA;The information submitted as part of the listing process, the NDC number, and the NDC Directory are used in the implementation and enforcement of the Act.&#xA;&#xA;Users should note:&#xA;&#xA;Starting June 1, 2011, only drugs for which electronic listings (SPL) have been submitted to FDA are included in the NDC Directory. Drugs for which listing information was last submitted to FDA on paper forms, prior to June 2009, are included on a separate file and will not be updated after June 2012.&#xA;&#xA;Information regarding the FDA published NDC Directory can be found [here](https://www.fda.gov/drugs/drug-approvals-and-databases/national-drug-code-directory)&#xA;&#xA;Users should note a few important items&#xA;&#xA;*   The NDC Directory is updated daily.&#xA;*   The new NDC Directory contains ONLY information on final marketed drugs submitted to FDA in SPL electronic listing files by labelers.&#xA;*   The NDC Directory does not contain all listed drugs. The new version includes the final marketed drugs which listing information were submitted electronically. It does not include animal drugs, blood products, or human drugs that are not in final marketed form, such as Active Pharmaceutical Ingredients(APIs), drugs for further processing, drugs manufactured exclusively for a private label distributor, or drugs that are marketed solely as part of a kit or combination product or inner layer of a multi-level packaged product not marketed individually. For more information about how certain kits or multi-level packaged drugs are addressed in the new NDC Directory, see the NDC Directory Package File definitions document. For the FDA Online Label Repository page and additional resources go to: [FDA Online Label Repository](https://labels.fda.gov/)"/>
      <exampleBoolean value="false"/>
    </resource>
    <resource>
      <extension url="http://hl7.org/fhir/tools/StructureDefinition/resource-information">
        <valueString value="ValueSet"/>
      </extension>
      <reference>
        <reference value="ValueSet/ProvenanceAgentType"/>
      </reference>
      <name value="Provenance Agent Type"/>
      <description value="Agent role performed relating to referenced resource"/>
      <exampleBoolean value="false"/>
    </resource>
    <resource>
      <extension url="http://hl7.org/fhir/tools/StructureDefinition/resource-information">
        <valueString value="ValueSet"/>
      </extension>
      <reference>
        <reference value="ValueSet/ProvenancePayerSourceFormat"/>
      </reference>
      <name value="Payer source of data"/>
      <description value="Source Data formats used as the source for FHIR referenced record by the Payer."/>
      <exampleBoolean value="false"/>
    </resource>
    <resource>
      <extension url="http://hl7.org/fhir/tools/StructureDefinition/resource-information">
        <valueString value="CodeSystem"/>
      </extension>
      <reference>
        <reference value="CodeSystem/IdentifierTypeCS"/>
      </reference>
      <name value="Identifier Type"/>
      <description value="Identifier Type"/>
      <exampleBoolean value="false"/>
    </resource>
    <resource>
      <extension url="http://hl7.org/fhir/tools/StructureDefinition/resource-information">
        <valueString value="CodeSystem"/>
      </extension>
      <reference>
        <reference value="CodeSystem/ProvenanceAgentRoleType"/>
      </reference>
      <name value="Provenance Roles"/>
      <description value="CodeSystem for types of role relating to the creation or communication of referenced resources"/>
      <exampleBoolean value="false"/>
    </resource>
    <resource>
      <extension url="http://hl7.org/fhir/tools/StructureDefinition/resource-information">
        <valueString value="CodeSystem"/>
      </extension>
      <reference>
        <reference value="CodeSystem/ProvenancePayerDataSource"/>
      </reference>
      <name value="Provenance Payer Data Source Format"/>
      <description value="CodeSystem for source formats that identify what non-FHIR source was used to create FHIR record(s)"/>
      <exampleBoolean value="false"/>
    </resource>
    <resource>
      <extension url="http://hl7.org/fhir/tools/StructureDefinition/resource-information">
        <valueString value="Patient"/>
      </extension>
      <reference>
        <reference value="Patient/1"/>
      </reference>
      <name value="Patient1"/>
      <description value="Example of a US Core Patient Record"/>
      <exampleBoolean value="true"/>
    </resource>
    <resource>
      <extension url="http://hl7.org/fhir/tools/StructureDefinition/resource-information">
        <valueString value="MedicationDispense"/>
      </extension>
      <reference>
        <reference value="MedicationDispense/1000001"/>
      </reference>
      <name value="ExampleMedicationDispenseClaim"/>
      <description value="Example of a MedicationDispense from a Claim"/>
      <exampleCanonical value="http://hl7.org/fhir/us/davinci-pdex/StructureDefinition/pdex-medicationdispense"/>
    </resource>
    <resource>
      <extension url="http://hl7.org/fhir/tools/StructureDefinition/resource-information">
        <valueString value="Provenance"/>
      </extension>
      <reference>
        <reference value="Provenance/1000001"/>
      </reference>
      <name value="ExampleProvenanceTransmitter"/>
      <description value="Example of a Transmitter Provenance record for a bundle"/>
      <exampleCanonical value="http://hl7.org/fhir/us/davinci-pdex/StructureDefinition/pdex-provenance"/>
    </resource>
    <resource>
      <extension url="http://hl7.org/fhir/tools/StructureDefinition/resource-information">
        <valueString value="Provenance"/>
      </extension>
      <reference>
        <reference value="Provenance/1000002"/>
      </reference>
      <name value="ExampleProvenanceAuthor"/>
      <description value="Example of an author Provenance record displaying a practitioner&#39;s organization as the author"/>
      <exampleCanonical value="http://hl7.org/fhir/us/davinci-pdex/StructureDefinition/pdex-provenance"/>
    </resource>
    <resource>
      <extension url="http://hl7.org/fhir/tools/StructureDefinition/resource-information">
        <valueString value="Provenance"/>
      </extension>
      <reference>
        <reference value="Provenance/1000003"/>
      </reference>
      <name value="ExampleProvenanceSoloPractitioner"/>
      <description value="Example of an author Provenance record displaying a sole practitioner as the author"/>
      <exampleCanonical value="http://hl7.org/fhir/us/davinci-pdex/StructureDefinition/pdex-provenance"/>
    </resource>
    <resource>
      <extension url="http://hl7.org/fhir/tools/StructureDefinition/resource-information">
        <valueString value="Provenance"/>
      </extension>
      <reference>
        <reference value="Provenance/1000004"/>
      </reference>
      <name value="ExampleProvenancePayerSource"/>
      <description value="Example of an payer being the source of the data"/>
      <exampleCanonical value="http://hl7.org/fhir/us/davinci-pdex/StructureDefinition/pdex-provenance"/>
    </resource>
    <resource>
      <extension url="http://hl7.org/fhir/tools/StructureDefinition/resource-information">
        <valueString value="Provenance"/>
      </extension>
      <reference>
        <reference value="Provenance/1000005"/>
      </reference>
      <name value="ExampleProvenancePayerModified"/>
      <description value="Example of provenance based on security group recommendations"/>
      <exampleCanonical value="http://hl7.org/fhir/us/davinci-pdex/StructureDefinition/pdex-provenance"/>
    </resource>
    <resource>
      <extension url="http://hl7.org/fhir/tools/StructureDefinition/resource-information">
        <valueString value="Provenance"/>
      </extension>
      <reference>
        <reference value="Provenance/1000006"/>
      </reference>
      <name value="ExampleDocRefProvenance"/>
      <description value="Example of a PDex Provenance record for a PDF embedded or linked in a DocumentReference resource."/>
      <exampleCanonical value="http://hl7.org/fhir/us/davinci-pdex/StructureDefinition/pdex-provenance"/>
    </resource>
    <resource>
      <extension url="http://hl7.org/fhir/tools/StructureDefinition/resource-information">
        <valueString value="Provenance"/>
      </extension>
      <reference>
        <reference value="Provenance/1000017"/>
      </reference>
      <name value="ExampleProvenanceBundleTransmitter"/>
      <description value="Example of a Transmitter Provenance record for a bundle"/>
      <exampleCanonical value="http://hl7.org/fhir/us/davinci-pdex/StructureDefinition/pdex-provenance"/>
    </resource>
    <resource>
      <extension url="http://hl7.org/fhir/tools/StructureDefinition/resource-information">
        <valueString value="DocumentReference"/>
      </extension>
      <reference>
        <reference value="DocumentReference/123456"/>
      </reference>
      <name value="ExampleDocumentReference"/>
      <description value="Example of a US Core DocumentReference with a linked PDF document. The document could also be embedded."/>
      <exampleBoolean value="true"/>
    </resource>
    <resource>
      <extension url="http://hl7.org/fhir/tools/StructureDefinition/resource-information">
        <valueString value="Organization"/>
      </extension>
      <reference>
        <reference value="Organization/2"/>
      </reference>
      <name value="OrganizationPayer1"/>
      <description value="Example of the Payer Organization"/>
      <exampleBoolean value="true"/>
    </resource>
    <resource>
      <extension url="http://hl7.org/fhir/tools/StructureDefinition/resource-information">
        <valueString value="Bundle"/>
      </extension>
      <reference>
        <reference value="Bundle/2000002"/>
      </reference>
      <name value="ExampleBundle1"/>
      <description value="A simple bundle to demonstrate a provenance example"/>
      <exampleBoolean value="true"/>
    </resource>
    <resource>
      <extension url="http://hl7.org/fhir/tools/StructureDefinition/resource-information">
        <valueString value="Organization"/>
      </extension>
      <reference>
        <reference value="Organization/3"/>
      </reference>
      <name value="OrganizationProvider1"/>
      <description value="Provider Organization Example 1"/>
      <exampleBoolean value="true"/>
    </resource>
    <resource>
      <extension url="http://hl7.org/fhir/tools/StructureDefinition/resource-information">
        <valueString value="Bundle"/>
      </extension>
      <reference>
        <reference value="Bundle/3000002"/>
      </reference>
      <name value="BundleWithProvenance"/>
      <description value="A bundle that returns provenance using _revinclude=Provenance:target"/>
      <exampleBoolean value="true"/>
    </resource>
    <resource>
      <extension url="http://hl7.org/fhir/tools/StructureDefinition/resource-information">
        <valueString value="Practitioner"/>
      </extension>
      <reference>
        <reference value="Practitioner/4"/>
      </reference>
      <name value="ExamplePractitioner"/>
      <description value="Example of a Practitioner Record"/>
      <exampleBoolean value="true"/>
    </resource>
    <resource>
      <extension url="http://hl7.org/fhir/tools/StructureDefinition/resource-information">
        <valueString value="Location"/>
      </extension>
      <reference>
        <reference value="Location/5"/>
      </reference>
      <name value="ExampleLocation"/>
      <description value="Example of a Pharmacy Location Record"/>
      <exampleBoolean value="true"/>
    </resource>
    <resource>
      <extension url="http://hl7.org/fhir/tools/StructureDefinition/resource-information">
        <valueString value="Device"/>
      </extension>
      <reference>
        <reference value="Device/543210"/>
      </reference>
      <name value="ExampleDevice"/>
      <description value="Example of a Device from a Claim"/>
      <exampleCanonical value="http://hl7.org/fhir/us/davinci-pdex/StructureDefinition/pdex-device"/>
    </resource>
    <resource>
      <extension url="http://hl7.org/fhir/tools/StructureDefinition/resource-information">
        <valueString value="Encounter"/>
      </extension>
      <reference>
        <reference value="Encounter/6"/>
      </reference>
      <name value="ExampleEncounter1"/>
      <description value="Example of an Encounter that has a provenance record"/>
      <exampleBoolean value="true"/>
    </resource>
    <resource>
      <extension url="http://hl7.org/fhir/tools/StructureDefinition/resource-information">
        <valueString value="Encounter"/>
      </extension>
      <reference>
        <reference value="Encounter/7"/>
      </reference>
      <name value="ExampleEncounter2"/>
      <description value="Example of an Encounter that has a provenance record"/>
      <exampleBoolean value="true"/>
    </resource>
    <resource>
      <extension url="http://hl7.org/fhir/tools/StructureDefinition/resource-information">
        <valueString value="Coverage"/>
      </extension>
      <reference>
        <reference value="Coverage/883210"/>
      </reference>
      <name value="ExampleCoverage"/>
      <description value="Example of a Coverage for a Member"/>
      <exampleCanonical value="http://hl7.org/fhir/us/davinci-pdex/StructureDefinition/hrex-coverage"/>
    </resource>
    <resource>
      <extension url="http://hl7.org/fhir/tools/StructureDefinition/resource-information">
        <valueString value="CapabilityStatement"/>
      </extension>
      <reference>
        <reference value="CapabilityStatement/PdexServerCapabilityStatement"/>
      </reference>
      <name value="PdexServerCapabilityStatement"/>
      <description value="Payer Data Exchange Server Capability Statement"/>
      <exampleBoolean value="true"/>
    </resource>
    <resource>
      <extension url="http://hl7.org/fhir/tools/StructureDefinition/resource-information">
        <valueString value="CapabilityStatement"/>
      </extension>
      <reference>
        <reference value="CapabilityStatement/pdex-server"/>
      </reference>
      <name value="PDEX Server CapabilityStatement"/>
      <description value="This Section describes the expected capabilities of the PDEX Server actor which is responsible for providing responses to the queries submitted by the PDEX Requestors. The complete list of FHIR profiles, RESTful operations, and search parameters supported by PDEX Servers are defined. PDEX Clients have the option of choosing from this list to access necessary data based on their local use cases and other contextual requirements."/>
      <exampleBoolean value="false"/>
    </resource>
    <resource>
      <extension url="http://hl7.org/fhir/tools/StructureDefinition/resource-information">
        <valueString value="SearchParameter"/>
      </extension>
      <reference>
        <reference value="SearchParameter/pdex-medicationdispense-patient"/>
      </reference>
      <name value="PdexMedicationDispensePatient"/>
      <description value="Returns dispensed prescriptions for a specific patient.&#xA;NOTE: This Pdex SearchParameter definition extends the usage context of&#xA;[capabilitystatement-expectation](http://hl7.org/fhir/R4/extension-capabilitystatement-expectation.html)&#xA; extension to formally express implementer conformance expectations for these elements:&#xA; - multipleAnd&#xA; - multipleOr&#xA; - comparator&#xA; - modifier&#xA; - chain."/>
      <exampleBoolean value="false"/>
    </resource>
    <resource>
      <extension url="http://hl7.org/fhir/tools/StructureDefinition/resource-information">
        <valueString value="SearchParameter"/>
      </extension>
      <reference>
        <reference value="SearchParameter/pdex-medicationdispense-status"/>
      </reference>
      <name value="PdexMedicationDispenseStatus"/>
      <description value="Status of the prescription dispense.&#xA;NOTE: This SearchParameter definition extends the usage context of&#xA;[capabilitystatement-expectation](http://hl7.org/fhir/R4/extension-capabilitystatement-expectation.html)&#xA; extension to formally express implementer conformance expectations for these elements:&#xA; - multipleAnd&#xA; - multipleOr&#xA; - comparator&#xA; - modifier&#xA; - chain."/>
      <exampleBoolean value="false"/>
    </resource>
    <page>
      <nameUrl value="toc.html"/>
      <title value="Table of Contents"/>
      <generation value="html"/>
      <page>
        <nameUrl value="index.html"/>
        <title value="Home"/>
        <generation value="markdown"/>
      </page>
      <page>
        <nameUrl value="Overview.html"/>
        <title value="Overview"/>
        <generation value="markdown"/>
      </page>
      <page>
        <nameUrl value="Introduction.html"/>
        <title value="Introduction"/>
        <generation value="markdown"/>
      </page>
      <page>
        <nameUrl value="PDexImplementationActorsInteractionsDataPayloadsandMethods.html"/>
        <title value="PDex Implementation, Actors, Interactions, Data Payloads and Methods"/>
        <generation value="markdown"/>
        <page>
          <nameUrl value="HandlingDataProvenance.html"/>
          <title value="Handling Data Provenance"/>
          <generation value="markdown"/>
        </page>
        <page>
          <nameUrl value="PayerToPayerExchange.html"/>
          <title value="Payer-to-Payer Exchange"/>
          <generation value="markdown"/>
        </page>
        <page>
          <nameUrl value="DataMapping.html"/>
          <title value="Data Mapping"/>
          <generation value="markdown"/>
          <page>
            <nameUrl value="USCoreAllergyIntolerance.html"/>
            <title value="US Core AllergyIntolerance"/>
            <generation value="markdown"/>
          </page>
          <page>
            <nameUrl value="USCoreCarePlan.html"/>
            <title value="US Core CarePlan"/>
            <generation value="markdown"/>
          </page>
          <page>
            <nameUrl value="USCoreCareTeam.html"/>
            <title value="US Core CareTeam"/>
            <generation value="markdown"/>
          </page>
          <page>
            <nameUrl value="USCoreCondition.html"/>
            <title value="US Core Condition"/>
            <generation value="markdown"/>
          </page>
          <page>
            <nameUrl value="Coverage.html"/>
            <title value="Coverage"/>
            <generation value="markdown"/>
          </page>
          <page>
            <nameUrl value="PdexDevice.html"/>
            <title value="PDex Device"/>
            <generation value="markdown"/>
          </page>
          <page>
            <nameUrl value="USCoreDiagnosticReportforLaboratoryResultsReporting.html"/>
            <title value="US Core DiagnosticReport for Laboratory Results Reporting"/>
            <generation value="markdown"/>
          </page>
          <page>
            <nameUrl value="USCoreDiagnosticReportforReportandNoteExchange.html"/>
            <title value="US Core DiagnosticReport for Report and Note Exchange"/>
            <generation value="markdown"/>
          </page>
          <page>
            <nameUrl value="USCoreDocumentReference.html"/>
            <title value="US Core DocumentReference"/>
            <generation value="markdown"/>
          </page>
          <page>
            <nameUrl value="USCoreEncounter.html"/>
            <title value="US Core Encounter"/>
            <generation value="markdown"/>
          </page>
          <page>
            <nameUrl value="USCoreGoal.html"/>
            <title value="US Core Goal"/>
            <generation value="markdown"/>
          </page>
          <page>
            <nameUrl value="USCoreImmunization.html"/>
            <title value="US Core Immunization"/>
            <generation value="markdown"/>
          </page>
          <page>
            <nameUrl value="USCoreImplantableDevice.html"/>
            <title value="US Core ImplantableDevice"/>
            <generation value="markdown"/>
          </page>
          <page>
            <nameUrl value="USCoreLaboratoryResultObservation.html"/>
            <title value="US Core Laboratory Result Observation"/>
            <generation value="markdown"/>
          </page>
          <page>
            <nameUrl value="USCoreLocation.html"/>
            <title value="US Core Location"/>
            <generation value="markdown"/>
          </page>
          <page>
            <nameUrl value="USCoreMedication.html"/>
            <title value="US Core Medication"/>
            <generation value="markdown"/>
          </page>
          <page>
            <nameUrl value="PDexMedicationDispense.html"/>
            <title value="PDex MedicationDispense"/>
            <generation value="markdown"/>
          </page>
          <page>
            <nameUrl value="USCoreMedicationRequest.html"/>
            <title value="US Core MedicationRequest"/>
            <generation value="markdown"/>
          </page>
          <page>
            <nameUrl value="USCoreOrganization.html"/>
            <title value="US Core Organization"/>
            <generation value="markdown"/>
          </page>
          <page>
            <nameUrl value="USCorePatient.html"/>
            <title value="US Core Patient"/>
            <generation value="markdown"/>
          </page>
          <page>
            <nameUrl value="USCorePediatricBMIforAgeObservation.html"/>
            <title value="US Core Pediatric BMI for Age Observation"/>
            <generation value="markdown"/>
          </page>
          <page>
            <nameUrl value="USCorePediatricHeadOccipital.html"/>
            <title value="US Core Pediatric Head Occipital-frontal Circumference Observation"/>
            <generation value="markdown"/>
          </page>
          <page>
            <nameUrl value="USCorePediatricWeightforHeightObservation.html"/>
            <title value="US Core Pediatric Weight for Height Observation"/>
            <generation value="markdown"/>
          </page>
          <page>
            <nameUrl value="USCorePractitioner.html"/>
            <title value="US Core Practitioner"/>
            <generation value="markdown"/>
          </page>
          <page>
            <nameUrl value="USCorePractitionerRole.html"/>
            <title value="US Core PractitionerRole"/>
            <generation value="markdown"/>
          </page>
          <page>
            <nameUrl value="USCoreProcedure.html"/>
            <title value="US Core Procedure"/>
            <generation value="markdown"/>
          </page>
          <page>
            <nameUrl value="PDexProvenance.html"/>
            <title value="PDex Provenance"/>
            <generation value="markdown"/>
          </page>
          <page>
            <nameUrl value="USCoreProvenance.html"/>
            <title value="US Core Provenance"/>
            <generation value="markdown"/>
          </page>
          <page>
            <nameUrl value="USCorePulseOximetry.html"/>
            <title value="US Core Pulse Oximetry"/>
            <generation value="markdown"/>
          </page>
          <page>
            <nameUrl value="USCoreSmokingStatusObservation.html"/>
            <title value="US Core Smoking Status Observation"/>
            <generation value="markdown"/>
          </page>
          <page>
            <nameUrl value="VitalSigns.html"/>
            <title value="VitalSigns"/>
            <generation value="markdown"/>
          </page>
        </page>
      </page>
      <page>
        <nameUrl value="UseCaseScenarios.html"/>
        <title value="Use Case Scenarios"/>
        <generation value="markdown"/>
      </page>
      <page>
        <nameUrl value="Provider-controlledInformationRequestsandFiltering.html"/>
        <title value="Provider-controlled Information Requests and Filtering"/>
        <generation value="markdown"/>
      </page>
      <page>
        <nameUrl value="CDS-Hooks.html"/>
        <title value="CDS Hooks"/>
        <generation value="markdown"/>
        <page>
          <nameUrl value="WorkflowExamples.html"/>
          <title value="Workflow Examples"/>
          <generation value="markdown"/>
        </page>
      </page>
      <page>
        <nameUrl value="Member-AuthorizedOAuth2Exchange.html"/>
        <title value="Member-Authorized OAuth2.0 Exchange"/>
        <generation value="markdown"/>
      </page>
      <page>
        <nameUrl value="Credits.html"/>
        <title value="Credits"/>
        <generation value="markdown"/>
      </page>
      <page>
        <nameUrl value="Downloads.html"/>
        <title value="Downloads"/>
        <generation value="markdown"/>
      </page>
    </page>
    <parameter>
      <code value="path-resource"/>
      <value value="input/capabilities"/>
    </parameter>
    <parameter>
      <code value="path-resource"/>
      <value value="input/examples"/>
    </parameter>
    <parameter>
      <code value="path-resource"/>
      <value value="input/extensions"/>
    </parameter>
    <parameter>
      <code value="path-resource"/>
      <value value="input/models"/>
    </parameter>
    <parameter>
      <code value="path-resource"/>
      <value value="input/operations"/>
    </parameter>
    <parameter>
      <code value="path-resource"/>
      <value value="input/profiles"/>
    </parameter>
    <parameter>
      <code value="path-resource"/>
      <value value="input/resources"/>
    </parameter>
    <parameter>
      <code value="path-resource"/>
      <value value="input/vocabulary"/>
    </parameter>
    <parameter>
      <code value="path-resource"/>
      <value value="input/maps"/>
    </parameter>
    <parameter>
      <code value="path-resource"/>
      <value value="input/testing"/>
    </parameter>
    <parameter>
      <code value="path-resource"/>
      <value value="input/history"/>
    </parameter>
    <parameter>
      <code value="path-resource"/>
      <value value="fsh-generated/resources"/>
    </parameter>
    <parameter>
      <code value="path-pages"/>
      <value value="template/config"/>
    </parameter>
    <parameter>
      <code value="path-pages"/>
      <value value="input/images"/>
    </parameter>
    <parameter>
      <code value="path-tx-cache"/>
      <value value="input-cache/txcache"/>
    </parameter>
  </definition>
</ImplementationGuide>