{
  "resourceType": "Organization",
  "id": "3",
  "meta": {
    "lastUpdated": "2019-12-12T09:14:11+00:00",
    "profile": [
      "http://hl7.org/fhir/us/core/StructureDefinition/us-core-organization"
    ]
  },
  "language": "en-US",
  "text": {
    "status": "generated",
    "div": "<div xmlns=\"http://www.w3.org/1999/xhtml\" xml:lang=\"en-US\" lang=\"en-US\"><p><b>Generated Narrative</b></p><p><b>identifier</b>: National Provider Identifier: 345678</p><p><b>active</b>: true</p><p><b>name</b>: Provider 1</p></div>"
  },
  "identifier": [
    {
      "type": {
        "coding": [
          {
            "system": "http://hl7.org/fhir/us/davinci-pdex/CodeSystem/IdentifierTypeCS",
            "code": "npi"
          }
        ]
      },
      "system": "http://hl7.org/fhir/sid/us-npi",
      "value": "345678"
    }
  ],
  "active": true,
  "name": "Provider 1"
}