{
  "resourceType": "Provenance",
  "id": "1000001",
  "meta": {
    "versionId": "1",
    "lastUpdated": "2020-07-09T15:26:23.217+00:00",
    "profile": [
      "http://hl7.org/fhir/us/davinci-pdex/StructureDefinition/pdex-provenance"
    ]
  },
  "text": {
    "status": "generated",
    "div": "<div xmlns=\"http://www.w3.org/1999/xhtml\"><p><b>Generated Narrative</b></p><p><b>id</b>: 1000001</p><p><b>meta</b>: </p><p><b>target</b>: <a href=\"bundle/2000002\">bundle/2000002</a></p><p><b>recorded</b>: Jul 9, 2020 11:26:23 AM</p><h3>Agents</h3><table class=\"grid\"><tr><td>-</td><td><b>Type</b></td><td><b>Who</b></td></tr><tr><td>*</td><td><span title=\"Codes: {http://terminology.hl7.org/CodeSystem/provenanceagenttype transmitter}\">transmitter</span></td><td><a href=\"Organization/1\">Organization/1</a></td></tr></table></div>"
  },
  "target": [
    {
      "reference": "bundle/2000002"
    }
  ],
  "recorded": "2020-07-09T15:26:23.217+00:00",
  "agent": [
    {
      "type": {
        "coding": [
          {
            "system": "http://terminology.hl7.org/CodeSystem/provenanceagenttype",
            "code": "transmitter"
          }
        ]
      },
      "who": {
        "reference": "Organization/1"
      }
    }
  ]
}