<?xml version="1.0" encoding="UTF-8"?>

<Provenance xmlns="http://hl7.org/fhir">
  <id value="1000006"/>
  <meta>
    <versionId value="1"/>
    <lastUpdated value="2020-10-09T15:26:23.217+00:00"/>
    <profile value="http://hl7.org/fhir/us/davinci-pdex/StructureDefinition/pdex-provenance"/>
  </meta>
  <text>
    <status value="generated"/><div xmlns="http://www.w3.org/1999/xhtml"><p><b>Generated Narrative</b></p><p><b>target</b>: <a href="DocumentReference-123456.html">Generated Summary: status: current; <span title="Codes: {http://loinc.org 51852-2}">Letter</span>; <span title="Codes: {http://hl7.org/fhir/us/core/CodeSystem/us-core-documentreference-category clinical-note}">Clinical Note</span>; date: Oct 9, 2020 11:26:23 AM</a></p><p><b>recorded</b>: Oct 9, 2020 11:26:23 AM</p><h3>Agents</h3><table class="grid"><tr><td>-</td><td><b>Type</b></td><td><b>Who</b></td></tr><tr><td>*</td><td><span title="Codes: {http://hl7.org/fhir/us/davinci-pdex/CodeSystem/ProvenanceAgentRoleType source}">Source</span></td><td><a href="Organization-3.html">Generated Summary: language: en-US; National Provider Identifier: 345678; active; name: Provider 1</a></td></tr></table><h3>Entities</h3><table class="grid"><tr><td>-</td><td><b>Extension</b></td><td><b>Role</b></td><td><b>What</b></td></tr><tr><td>*</td><td></td><td>source</td><td><span>No reference available</span></td></tr></table></div>
  </text>
  <target>
    <reference value="DocumentReference/123456"/>
  </target>
  <recorded value="2020-10-09T15:26:23.217+00:00"/>
  <agent>
    <type>
      <coding>
        <system value="http://hl7.org/fhir/us/davinci-pdex/CodeSystem/ProvenanceAgentRoleType"/>
        <code value="source"/>
        <display value="Source"/>
      </coding>
    </type>
    <who>
      <reference value="Organization/3"/>
    </who>
  </agent>
  <entity>
    <extension url="http://hl7.org/fhir/us/davinci-pdex/StructureDefinition/ProvenanceSourceFrom">
      <valueCodeableConcept>
        <coding>
          <system value="http://hl7.org/fhir/us/davinci-pdex/CodeSystem/ProvenancePayerDataSource"/>
          <code value="unstructured"/>
        </coding>
      </valueCodeableConcept>
    </extension>
    <role value="source"/>
    <what>
      <display value="No reference available"/>
    </what>
  </entity>
</Provenance>