{
  "resourceType" : "ValueSet",
  "id" : "PDexPAInstitutionalProcedureCodes",
  "text" : {
    "status" : "extensions",
    "div" : "<div xmlns=\"http://www.w3.org/1999/xhtml\"><p>This value set includes codes based on the following rules:</p><ul><li>Include all codes defined in <a href=\"http://terminology.hl7.org/5.0.0/CodeSystem-CPT.html\"><code>http://www.ama-assn.org/go/cpt</code></a></li><li>Include all codes defined in <a href=\"http://terminology.hl7.org/5.0.0/CodeSystem-hcpcs-Level-II.html\"><code>https://www.cms.gov/Medicare/Coding/HCPCSReleaseCodeSets</code></a></li><li>Include all codes defined in <a href=\"http://terminology.hl7.org/5.0.0/CodeSystem-HIPPS.html\"><code>https://www.cms.gov/Medicare/Medicare-Fee-for-Service-Payment/ProspMedicareFeeSvcPmtGen/HIPPSCodes</code></a></li><li>Include these codes as defined in <a href=\"http://terminology.hl7.org/5.0.0/CodeSystem-data-absent-reason.html\"><code>http://terminology.hl7.org/CodeSystem/data-absent-reason</code></a><table class=\"none\"><tr><td style=\"white-space:nowrap\"><b>Code</b></td><td><b>Display</b></td><td><b>Definition</b></td></tr><tr><td><a href=\"http://terminology.hl7.org/5.0.0/CodeSystem-data-absent-reason.html#data-absent-reason-not-applicable\">not-applicable</a></td><td>Not Applicable</td><td>There is no proper value for this element (e.g. last menstrual period for a male).</td></tr></table></li></ul></div>"
  },
  "extension" : [{
    "url" : "http://hl7.org/fhir/StructureDefinition/structuredefinition-wg",
    "valueCode" : "fm"
  }],
  "url" : "http://hl7.org/fhir/us/davinci-pdex/ValueSet/PDexPAInstitutionalProcedureCodes",
  "version" : "2.0.0",
  "name" : "PDexPAInstitutionalProcedureCodes",
  "title" : "Procedure Codes - AMA CPT - CMS HCPCS - CMS HIPPS",
  "status" : "draft",
  "experimental" : true,
  "date" : "2024-01-05T09:17:00-05:00",
  "publisher" : "HL7 International / Financial Management",
  "contact" : [{
    "name" : "HL7 International / Financial Management",
    "telecom" : [{
      "system" : "url",
      "value" : "http://www.hl7.org/Special/committees/fm"
    },
    {
      "system" : "email",
      "value" : "fm@lists.HL7.org"
    }]
  },
  {
    "name" : "Mark Scrimshire (mark.scrimshire@onyxhealth.io)",
    "telecom" : [{
      "system" : "email",
      "value" : "mailto:mark.scrimshire@onyxhealth.io"
    }]
  },
  {
    "name" : "HL7 International - Financial Management",
    "telecom" : [{
      "system" : "url",
      "value" : "http://www.hl7.org/Special/committees/fm"
    }]
  }],
  "description" : "The Value Set is a combination of three Code Systems: CPT (HCPCS I), HCPCS II procedure codes, and HIPPS rate codes. They are submitted by providers to payers to convey the specific procedure performed. Procedure Codes leverage US Core Procedure Codes composition.\n\nThe target set for this value set are the procedure codes from the CPT and HCPCS files and the rate codes from the HIPPS files.\n\nThe Current Procedural Terminology (CPT) code set, created and maintained by the American Medical Association, is the language of medicine today and the code to its future. This system of terminology is the most widely accepted medical nomenclature used to report medical procedures and services under public and private health insurance programs. CPT coding is also used for administrative management purposes such as claims processing and developing guidelines for medical care review. Each year, via a rigorous, evidence-based and transparent process, the independent CPT Editorial Panel revises, creates or deletes hundreds of codes in order to reflect current medical practice.\n\nDesignated by the U.S. Department of Health and Human Services under the Health Insurance Portability and Accountability Act (HIPAA) as a national coding set for physician and other health care professional services and procedures, CPT’s evidence-based codes accurately encompass the full range of health care services.\n\nAll CPT codes are five-digits and can be either numeric or alphanumeric, depending on the category. CPT code descriptors are clinically focused and utilize common standards so that a diverse set of users can have common understanding across the clinical health care paradigm.\n\nThere are various types of CPT codes:\n\n**Category I:** These codes have descriptors that correspond to a procedure or service. Codes range from 00100–99499 and are generally ordered into sub-categories based on procedure/service type and anatomy.\n\n**Category II:** These alphanumeric tracking codes are supplemental codes used for performance measurement. Using them is optional and not required for correct coding.\n\n**Category III:** These are temporary alphanumeric codes for new and developing technology, procedures and services. They were created for data collection, assessment and in some instances, payment of new services and procedures that currently don’t meet the criteria for a Category I code.\n\n**Proprietary Laboratory Analyses (PLA) codes:** Recently added to the CPT code set, these codes describe proprietary clinical laboratory analyses and can be either provided by a single (solesource) laboratory or licensed or marketed to multiple providing laboratories that are cleared or approved by the Food and Drug Administration (FDA)). This category includes but is not limited to Advanced Diagnostic Laboratory Tests (ADLTs) and Clinical Diagnostic Laboratory Tests (CDLTs), as defined under the Protecting Access to Medicare Act of 2014 (PAMA).\n\nTo obtain CPT, please see the license request form [here](http://info.commerce.ama-assn.org/ama-data-file-request-2020)\n\nThe Level II HCPCS codes, which are established by CMS's Alpha-Numeric Editorial Panel, primarily represent items and supplies and non-physician services not covered by the American Medical Association's Current Procedural Terminology-4 (CPT-4) codes; Medicare, Medicaid, and private health insurers use HCPCS procedure and modifier codes for claims processing.  Level II alphanumeric procedure and modifier codes comprise the A to V range.\n\nGeneral information can be found here: [https://www.cms.gov/Medicare/Coding/MedHCPCSGenInfo](https://www.cms.gov/Medicare/Coding/MedHCPCSGenInfo)\n\nReleases can be found here: [https://www.cms.gov/Medicare/Coding/HCPCSReleaseCodeSets](https://www.cms.gov/Medicare/Coding/HCPCSReleaseCodeSets)\n\nThese files contain the Level II alphanumeric HCPCS procedure and modifier codes, their long and short descriptions, and applicable Medicare administrative, coverage and pricing data.\n\nThe Health Insurance Prospective Payment System (HIPPS) rate codes represent specific sets\nof patient characteristics (or case-mix groups) health insurers use to make payment\ndeterminations under several prospective payment systems. Case-mix groups are\ndeveloped based on research into utilization patterns among various provider types. For\nthe payment systems that use HIPPS codes, clinical assessment data is the basic input. A\nstandard patient assessment instrument is interpreted by case-mix grouping software\nalgorithms, which assign the case mix group. For payment purposes, at least one HIPPS\ncode is defined to represent each case-mix group. These HIPPS codes are reported on\nclaims to insurers.\nInstitutional providers use HIPPS codes on claims in association with special revenue\ncodes. One revenue code is defined for each prospective payment system that requires\nHIPPS codes. HIPPS codes are placed in data element SV202 on the electronic 837\ninstitutional claims transaction, using an HP qualifier, or in Form Locator (FL) 44\n(\\\"HCPCS/rate\\\") on a paper UB-04 claims form. The associated revenue code is placed in\ndata element SV201 or in FL 42. In certain circumstances, multiple HIPPS codes may\nappear on separate lines of a single claim.\n\nHIPPS codes are alpha-numeric codes of five digits. Each code contains intelligence,\nwith certain positions of the code indicating the case mix group itself, and other positions\nproviding additional information. The additional information varies among HIPPS codes\npertaining to different payment systems, but often provides information about the clinical\nassessment used to arrive at the code. Which positions of the code carry the case mix\ngroup information may also vary by payment systems.",
  "jurisdiction" : [{
    "coding" : [{
      "system" : "urn:iso:std:iso:3166",
      "code" : "US",
      "display" : "United States of America"
    }]
  }],
  "copyright" : "Current Procedural Terminology (CPT) is copyright 2020 American Medical Association. All rights reserved\nSee information on the use of HCPCS Level I (proprietary and owned by American Medical Association) and Level II codes [here](https://www.cms.gov/Medicare/Coding/MedHCPCSGenInfo/HCPCS_Coding_Questions)\nCMS maintains HIPPS. There are no known constraints on the use of HIPPS. See more information about HIPPS codes [here](https://www.cms.gov/Medicare/Medicare-Fee-for-Service-Payment/ProspMedicareFeeSvcPmtGen/HIPPSCodes)",
  "compose" : {
    "include" : [{
      "system" : "http://www.ama-assn.org/go/cpt"
    },
    {
      "system" : "https://www.cms.gov/Medicare/Coding/HCPCSReleaseCodeSets"
    },
    {
      "system" : "https://www.cms.gov/Medicare/Medicare-Fee-for-Service-Payment/ProspMedicareFeeSvcPmtGen/HIPPSCodes"
    },
    {
      "system" : "http://terminology.hl7.org/CodeSystem/data-absent-reason",
      "concept" : [{
        "code" : "not-applicable",
        "display" : "Not Applicable"
      }]
    }]
  }
}