{
  "resourceType" : "Bundle",
  "id" : "6515cff0-929c-4cba-8d76-aad70d20001c",
  "meta" : {
    "lastUpdated" : "2020-09-30T00:54:31.924-04:00"
  },
  "type" : "collection",
  "entry" : [{
    "fullUrl" : "http://hl7.org/fhir/us/davinci-pdex/ValueSet/ProvenanceAgentType",
    "resource" : {
      "resourceType" : "ValueSet",
      "id" : "ProvenanceAgentType",
      "text" : {
        "status" : "generated",
        "div" : "<div xmlns=\"http://www.w3.org/1999/xhtml\"><p>This value set contains 3 concepts</p><p style=\"border: black 1px dotted; background-color: #EEEEEE; padding: 8px; margin-bottom: 8px\">Expansion based on <a href=\"CodeSystem-ProvenanceAgentRoleType.html\">Provenance Roles v0.1.21 (CodeSystem)</a></p><p>All codes from system <a href=\"CodeSystem-ProvenanceAgentRoleType.html\"><code>http://hl7.org/fhir/us/davinci-pdex/CodeSystem/ProvenanceAgentRoleType</code></a></p><table class=\"codes\"><tr><td style=\"white-space:nowrap\"><b>Code</b></td><td><b>Display</b></td><td><b>Definition</b></td></tr><tr><td style=\"white-space:nowrap\"><a name=\"http---hl7.org-fhir-us-davinci-pdex-CodeSystem-ProvenanceAgentRoleType-author\"> </a><a href=\"CodeSystem-ProvenanceAgentRoleType.html#ProvenanceAgentRoleType-author\">author</a></td><td>Author</td><td>Person or entity that originated the referenced resource</td></tr><tr><td style=\"white-space:nowrap\"><a name=\"http---hl7.org-fhir-us-davinci-pdex-CodeSystem-ProvenanceAgentRoleType-source\"> </a><a href=\"CodeSystem-ProvenanceAgentRoleType.html#ProvenanceAgentRoleType-source\">source</a></td><td>Source</td><td>Organization, Practitioner or Payer who was the source of the referenced resource</td></tr><tr><td style=\"white-space:nowrap\"><a name=\"http---hl7.org-fhir-us-davinci-pdex-CodeSystem-ProvenanceAgentRoleType-transmitter\"> </a><a href=\"CodeSystem-ProvenanceAgentRoleType.html#ProvenanceAgentRoleType-transmitter\">transmitter</a></td><td>Transmitter</td><td>Provenance Transmitter</td></tr></table></div>"
      },
      "url" : "http://hl7.org/fhir/us/davinci-pdex/ValueSet/ProvenanceAgentType",
      "version" : "0.1.21",
      "name" : "ProvenanceAgentType",
      "title" : "Provenance Agent Type",
      "status" : "active",
      "date" : "2020-09-30T00:54:31-04:00",
      "contact" : [{
        "name" : "Mark Scrimshire (mark.scrimshire@onyxhealth.io)",
        "telecom" : [{
          "system" : "email",
          "value" : "mailto:mark@ekivemark.com"
        }]
      },
      {
        "name" : "HL7 International - Financial Management",
        "telecom" : [{
          "system" : "url",
          "value" : "http://www.hl7.org/Special/committees/fm"
        }]
      }],
      "description" : "Agent role performed relating to referenced resource",
      "jurisdiction" : [{
        "coding" : [{
          "system" : "urn:iso:std:iso:3166",
          "code" : "US"
        }]
      }],
      "expansion" : {
        "identifier" : "urn:uuid:01951b59-6859-465b-b07c-673c2fe3d8b9",
        "timestamp" : "2020-09-30T00:54:54-04:00",
        "total" : 3,
        "parameter" : [{
          "name" : "excludeNested",
          "valueBoolean" : false
        },
        {
          "name" : "version",
          "valueUri" : "http://hl7.org/fhir/us/davinci-pdex/CodeSystem/ProvenanceAgentRoleType|0.1.21"
        }],
        "contains" : [{
          "system" : "http://hl7.org/fhir/us/davinci-pdex/CodeSystem/ProvenanceAgentRoleType",
          "code" : "author",
          "display" : "Author"
        },
        {
          "system" : "http://hl7.org/fhir/us/davinci-pdex/CodeSystem/ProvenanceAgentRoleType",
          "code" : "source",
          "display" : "Source"
        },
        {
          "system" : "http://hl7.org/fhir/us/davinci-pdex/CodeSystem/ProvenanceAgentRoleType",
          "code" : "transmitter",
          "display" : "Transmitter"
        }]
      }
    }
  },
  {
    "fullUrl" : "http://hl7.org/fhir/us/davinci-pdex/ValueSet/ProvenancePayerSourceFormat",
    "resource" : {
      "resourceType" : "ValueSet",
      "id" : "ProvenancePayerSourceFormat",
      "text" : {
        "status" : "generated",
        "div" : "<div xmlns=\"http://www.w3.org/1999/xhtml\"><p>This value set contains 25 concepts</p><p style=\"border: black 1px dotted; background-color: #EEEEEE; padding: 8px; margin-bottom: 8px\">Expansion based on <a href=\"CodeSystem-ProvenancePayerDataSource.html\">Provenance Payer Data Source Format v0.1.21 (CodeSystem)</a></p><p>All codes from system <a href=\"CodeSystem-ProvenancePayerDataSource.html\"><code>http://hl7.org/fhir/us/davinci-pdex/CodeSystem/ProvenancePayerDataSource</code></a></p><table class=\"codes\"><tr><td style=\"white-space:nowrap\"><b>Code</b></td><td><b>Display</b></td><td><b>Definition</b></td></tr><tr><td style=\"white-space:nowrap\"><a name=\"http---hl7.org-fhir-us-davinci-pdex-CodeSystem-ProvenancePayerDataSource-hl7v2other\"> </a><a href=\"CodeSystem-ProvenancePayerDataSource.html#ProvenancePayerDataSource-hl7v2other\">hl7v2other</a></td><td>HL7 v2</td><td>HL7 v2 Message</td></tr><tr><td style=\"white-space:nowrap\"><a name=\"http---hl7.org-fhir-us-davinci-pdex-CodeSystem-ProvenancePayerDataSource-hl7v2oru\"> </a><a href=\"CodeSystem-ProvenancePayerDataSource.html#ProvenancePayerDataSource-hl7v2oru\">hl7v2oru</a></td><td>HL7 v2 ORU</td><td>HL7 v2 Structured Observation Report(ORU) message</td></tr><tr><td style=\"white-space:nowrap\"><a name=\"http---hl7.org-fhir-us-davinci-pdex-CodeSystem-ProvenancePayerDataSource-hl7v2adt\"> </a><a href=\"CodeSystem-ProvenancePayerDataSource.html#ProvenancePayerDataSource-hl7v2adt\">hl7v2adt</a></td><td>HL7 v2 ADT</td><td>HL7 v2 Admit, Discharge Transfer (ADT) message</td></tr><tr><td style=\"white-space:nowrap\"><a name=\"http---hl7.org-fhir-us-davinci-pdex-CodeSystem-ProvenancePayerDataSource-hl7v2r01\"> </a><a href=\"CodeSystem-ProvenancePayerDataSource.html#ProvenancePayerDataSource-hl7v2r01\">hl7v2r01</a></td><td>HL7 v2 R01</td><td>HL7 v2 Observation (R01) message</td></tr><tr><td style=\"white-space:nowrap\"><a name=\"http---hl7.org-fhir-us-davinci-pdex-CodeSystem-ProvenancePayerDataSource-hl7v2rsp\"> </a><a href=\"CodeSystem-ProvenancePayerDataSource.html#ProvenancePayerDataSource-hl7v2rsp\">hl7v2rsp</a></td><td>HL7 v2 RSP</td><td>HL7 V2 Immunization Record Response</td></tr><tr><td style=\"white-space:nowrap\"><a name=\"http---hl7.org-fhir-us-davinci-pdex-CodeSystem-ProvenancePayerDataSource-hl7v2orm\"> </a><a href=\"CodeSystem-ProvenancePayerDataSource.html#ProvenancePayerDataSource-hl7v2orm\">hl7v2orm</a></td><td>HL7 v2 ORM</td><td>HL7 v2 Orders</td></tr><tr><td style=\"white-space:nowrap\"><a name=\"http---hl7.org-fhir-us-davinci-pdex-CodeSystem-ProvenancePayerDataSource-hl7v2mdm\"> </a><a href=\"CodeSystem-ProvenancePayerDataSource.html#ProvenancePayerDataSource-hl7v2mdm\">hl7v2mdm</a></td><td>HL7 v2 MDM</td><td>Medical Document Management</td></tr><tr><td style=\"white-space:nowrap\"><a name=\"http---hl7.org-fhir-us-davinci-pdex-CodeSystem-ProvenancePayerDataSource-hl7v2vxu\"> </a><a href=\"CodeSystem-ProvenancePayerDataSource.html#ProvenancePayerDataSource-hl7v2vxu\">hl7v2vxu</a></td><td>HL7 v2 VXU</td><td>HL7 V2 Immunization Transaction</td></tr><tr><td style=\"white-space:nowrap\"><a name=\"http---hl7.org-fhir-us-davinci-pdex-CodeSystem-ProvenancePayerDataSource-hl7v3\"> </a><a href=\"CodeSystem-ProvenancePayerDataSource.html#ProvenancePayerDataSource-hl7v3\">hl7v3</a></td><td>HL7 v3</td><td>HL7 v3 Message</td></tr><tr><td style=\"white-space:nowrap\"><a name=\"http---hl7.org-fhir-us-davinci-pdex-CodeSystem-ProvenancePayerDataSource-hl7ccda\"> </a><a href=\"CodeSystem-ProvenancePayerDataSource.html#ProvenancePayerDataSource-hl7ccda\">hl7ccda</a></td><td>HL7 C-CDA</td><td>HL7 Consolidated-Clinical Document Architecture</td></tr><tr><td style=\"white-space:nowrap\"><a name=\"http---hl7.org-fhir-us-davinci-pdex-CodeSystem-ProvenancePayerDataSource-hl7cda\"> </a><a href=\"CodeSystem-ProvenancePayerDataSource.html#ProvenancePayerDataSource-hl7cda\">hl7cda</a></td><td>HL7 CDA</td><td>HL7 CDA documents that are not C-CDA</td></tr><tr><td style=\"white-space:nowrap\"><a name=\"http---hl7.org-fhir-us-davinci-pdex-CodeSystem-ProvenancePayerDataSource-hl7cdaqrda\"> </a><a href=\"CodeSystem-ProvenancePayerDataSource.html#ProvenancePayerDataSource-hl7cdaqrda\">hl7cdaqrda</a></td><td>HL7 CDA QRDA</td><td>HL7 Quality Reporting Document</td></tr><tr><td style=\"white-space:nowrap\"><a name=\"http---hl7.org-fhir-us-davinci-pdex-CodeSystem-ProvenancePayerDataSource-hl7fhirdstu2\"> </a><a href=\"CodeSystem-ProvenancePayerDataSource.html#ProvenancePayerDataSource-hl7fhirdstu2\">hl7fhirdstu2</a></td><td>FHIR DSTU2</td><td>HL7 FHIR DSTU2</td></tr><tr><td style=\"white-space:nowrap\"><a name=\"http---hl7.org-fhir-us-davinci-pdex-CodeSystem-ProvenancePayerDataSource-hl7fhirdstu3\"> </a><a href=\"CodeSystem-ProvenancePayerDataSource.html#ProvenancePayerDataSource-hl7fhirdstu3\">hl7fhirdstu3</a></td><td>FHIR STU3</td><td>HL7 FHIR STU3</td></tr><tr><td style=\"white-space:nowrap\"><a name=\"http---hl7.org-fhir-us-davinci-pdex-CodeSystem-ProvenancePayerDataSource-hl7fhirr4\"> </a><a href=\"CodeSystem-ProvenancePayerDataSource.html#ProvenancePayerDataSource-hl7fhirr4\">hl7fhirr4</a></td><td>FHIR R4</td><td>HL7 FHIR R4</td></tr><tr><td style=\"white-space:nowrap\"><a name=\"http---hl7.org-fhir-us-davinci-pdex-CodeSystem-ProvenancePayerDataSource-x12837\"> </a><a href=\"CodeSystem-ProvenancePayerDataSource.html#ProvenancePayerDataSource-x12837\">x12837</a></td><td>837 claim</td><td>X12 837 Claim</td></tr><tr><td style=\"white-space:nowrap\"><a name=\"http---hl7.org-fhir-us-davinci-pdex-CodeSystem-ProvenancePayerDataSource-x12278\"> </a><a href=\"CodeSystem-ProvenancePayerDataSource.html#ProvenancePayerDataSource-x12278\">x12278</a></td><td>278</td><td>X12 Prior Authorization</td></tr><tr><td style=\"white-space:nowrap\"><a name=\"http---hl7.org-fhir-us-davinci-pdex-CodeSystem-ProvenancePayerDataSource-x12275\"> </a><a href=\"CodeSystem-ProvenancePayerDataSource.html#ProvenancePayerDataSource-x12275\">x12275</a></td><td>275</td><td>X12 Attachment</td></tr><tr><td style=\"white-space:nowrap\"><a name=\"http---hl7.org-fhir-us-davinci-pdex-CodeSystem-ProvenancePayerDataSource-x12other\"> </a><a href=\"CodeSystem-ProvenancePayerDataSource.html#ProvenancePayerDataSource-x12other\">x12other</a></td><td>X12</td><td>X12 non-specific transaction</td></tr><tr><td style=\"white-space:nowrap\"><a name=\"http---hl7.org-fhir-us-davinci-pdex-CodeSystem-ProvenancePayerDataSource-ncpdp\"> </a><a href=\"CodeSystem-ProvenancePayerDataSource.html#ProvenancePayerDataSource-ncpdp\">ncpdp</a></td><td>NCPDP</td><td>National Council for Prescription Drug Programs</td></tr><tr><td style=\"white-space:nowrap\"><a name=\"http---hl7.org-fhir-us-davinci-pdex-CodeSystem-ProvenancePayerDataSource-capture\"> </a><a href=\"CodeSystem-ProvenancePayerDataSource.html#ProvenancePayerDataSource-capture\">capture</a></td><td>Direct Capture</td><td>Direct Capture, such as into a payers case management system</td></tr><tr><td style=\"white-space:nowrap\"><a name=\"http---hl7.org-fhir-us-davinci-pdex-CodeSystem-ProvenancePayerDataSource-customtx\"> </a><a href=\"CodeSystem-ProvenancePayerDataSource.html#ProvenancePayerDataSource-customtx\">customtx</a></td><td>Trading Partner Format</td><td>Trading Partner Proprietary format</td></tr><tr><td style=\"white-space:nowrap\"><a name=\"http---hl7.org-fhir-us-davinci-pdex-CodeSystem-ProvenancePayerDataSource-image\"> </a><a href=\"CodeSystem-ProvenancePayerDataSource.html#ProvenancePayerDataSource-image\">image</a></td><td>Image</td><td>Fax or scanned document</td></tr><tr><td style=\"white-space:nowrap\"><a name=\"http---hl7.org-fhir-us-davinci-pdex-CodeSystem-ProvenancePayerDataSource-unstructured\"> </a><a href=\"CodeSystem-ProvenancePayerDataSource.html#ProvenancePayerDataSource-unstructured\">unstructured</a></td><td>Unstructured Document</td><td>PDF, test and other unstructured document</td></tr><tr><td style=\"white-space:nowrap\"><a name=\"http---hl7.org-fhir-us-davinci-pdex-CodeSystem-ProvenancePayerDataSource-other\"> </a><a href=\"CodeSystem-ProvenancePayerDataSource.html#ProvenancePayerDataSource-other\">other</a></td><td>Other</td><td>Any other document format not specifically defined</td></tr></table></div>"
      },
      "url" : "http://hl7.org/fhir/us/davinci-pdex/ValueSet/ProvenancePayerSourceFormat",
      "version" : "0.1.21",
      "name" : "ProvenancePayerSourceFormat",
      "title" : "Payer source of data",
      "status" : "active",
      "date" : "2020-09-30T00:54:31-04:00",
      "contact" : [{
        "name" : "Mark Scrimshire (mark.scrimshire@onyxhealth.io)",
        "telecom" : [{
          "system" : "email",
          "value" : "mailto:mark@ekivemark.com"
        }]
      },
      {
        "name" : "HL7 International - Financial Management",
        "telecom" : [{
          "system" : "url",
          "value" : "http://www.hl7.org/Special/committees/fm"
        }]
      }],
      "description" : "Source Data formats used as the source for FHIR referenced record by the Payer.",
      "jurisdiction" : [{
        "coding" : [{
          "system" : "urn:iso:std:iso:3166",
          "code" : "US"
        }]
      }],
      "expansion" : {
        "identifier" : "urn:uuid:4fc2fdad-a502-4af1-8a83-77ae24e59489",
        "timestamp" : "2020-09-30T00:54:54-04:00",
        "total" : 25,
        "parameter" : [{
          "name" : "excludeNested",
          "valueBoolean" : false
        },
        {
          "name" : "version",
          "valueUri" : "http://hl7.org/fhir/us/davinci-pdex/CodeSystem/ProvenancePayerDataSource|0.1.21"
        }],
        "contains" : [{
          "system" : "http://hl7.org/fhir/us/davinci-pdex/CodeSystem/ProvenancePayerDataSource",
          "code" : "hl7v2other",
          "display" : "HL7 v2"
        },
        {
          "system" : "http://hl7.org/fhir/us/davinci-pdex/CodeSystem/ProvenancePayerDataSource",
          "code" : "hl7v2oru",
          "display" : "HL7 v2 ORU"
        },
        {
          "system" : "http://hl7.org/fhir/us/davinci-pdex/CodeSystem/ProvenancePayerDataSource",
          "code" : "hl7v2adt",
          "display" : "HL7 v2 ADT"
        },
        {
          "system" : "http://hl7.org/fhir/us/davinci-pdex/CodeSystem/ProvenancePayerDataSource",
          "code" : "hl7v2r01",
          "display" : "HL7 v2 R01"
        },
        {
          "system" : "http://hl7.org/fhir/us/davinci-pdex/CodeSystem/ProvenancePayerDataSource",
          "code" : "hl7v2rsp",
          "display" : "HL7 v2 RSP"
        },
        {
          "system" : "http://hl7.org/fhir/us/davinci-pdex/CodeSystem/ProvenancePayerDataSource",
          "code" : "hl7v2orm",
          "display" : "HL7 v2 ORM"
        },
        {
          "system" : "http://hl7.org/fhir/us/davinci-pdex/CodeSystem/ProvenancePayerDataSource",
          "code" : "hl7v2mdm",
          "display" : "HL7 v2 MDM"
        },
        {
          "system" : "http://hl7.org/fhir/us/davinci-pdex/CodeSystem/ProvenancePayerDataSource",
          "code" : "hl7v2vxu",
          "display" : "HL7 v2 VXU"
        },
        {
          "system" : "http://hl7.org/fhir/us/davinci-pdex/CodeSystem/ProvenancePayerDataSource",
          "code" : "hl7v3",
          "display" : "HL7 v3"
        },
        {
          "system" : "http://hl7.org/fhir/us/davinci-pdex/CodeSystem/ProvenancePayerDataSource",
          "code" : "hl7ccda",
          "display" : "HL7 C-CDA"
        },
        {
          "system" : "http://hl7.org/fhir/us/davinci-pdex/CodeSystem/ProvenancePayerDataSource",
          "code" : "hl7cda",
          "display" : "HL7 CDA"
        },
        {
          "system" : "http://hl7.org/fhir/us/davinci-pdex/CodeSystem/ProvenancePayerDataSource",
          "code" : "hl7cdaqrda",
          "display" : "HL7 CDA QRDA"
        },
        {
          "system" : "http://hl7.org/fhir/us/davinci-pdex/CodeSystem/ProvenancePayerDataSource",
          "code" : "hl7fhirdstu2",
          "display" : "FHIR DSTU2"
        },
        {
          "system" : "http://hl7.org/fhir/us/davinci-pdex/CodeSystem/ProvenancePayerDataSource",
          "code" : "hl7fhirdstu3",
          "display" : "FHIR STU3"
        },
        {
          "system" : "http://hl7.org/fhir/us/davinci-pdex/CodeSystem/ProvenancePayerDataSource",
          "code" : "hl7fhirr4",
          "display" : "FHIR R4"
        },
        {
          "system" : "http://hl7.org/fhir/us/davinci-pdex/CodeSystem/ProvenancePayerDataSource",
          "code" : "x12837",
          "display" : "837 claim"
        },
        {
          "system" : "http://hl7.org/fhir/us/davinci-pdex/CodeSystem/ProvenancePayerDataSource",
          "code" : "x12278",
          "display" : "278"
        },
        {
          "system" : "http://hl7.org/fhir/us/davinci-pdex/CodeSystem/ProvenancePayerDataSource",
          "code" : "x12275",
          "display" : "275"
        },
        {
          "system" : "http://hl7.org/fhir/us/davinci-pdex/CodeSystem/ProvenancePayerDataSource",
          "code" : "x12other",
          "display" : "X12"
        },
        {
          "system" : "http://hl7.org/fhir/us/davinci-pdex/CodeSystem/ProvenancePayerDataSource",
          "code" : "ncpdp",
          "display" : "NCPDP"
        },
        {
          "system" : "http://hl7.org/fhir/us/davinci-pdex/CodeSystem/ProvenancePayerDataSource",
          "code" : "capture",
          "display" : "Direct Capture"
        },
        {
          "system" : "http://hl7.org/fhir/us/davinci-pdex/CodeSystem/ProvenancePayerDataSource",
          "code" : "customtx",
          "display" : "Trading Partner Format"
        },
        {
          "system" : "http://hl7.org/fhir/us/davinci-pdex/CodeSystem/ProvenancePayerDataSource",
          "code" : "image",
          "display" : "Image"
        },
        {
          "system" : "http://hl7.org/fhir/us/davinci-pdex/CodeSystem/ProvenancePayerDataSource",
          "code" : "unstructured",
          "display" : "Unstructured Document"
        },
        {
          "system" : "http://hl7.org/fhir/us/davinci-pdex/CodeSystem/ProvenancePayerDataSource",
          "code" : "other",
          "display" : "Other"
        }]
      }
    }
  }]
}