{"resourceType":"CodeSystem","id":"NdhAssociatedServersTypeCS","text":{"status":"generated","div":"<div xmlns=\"http://www.w3.org/1999/xhtml\"><p>This case-sensitive code system <code>http://hl7.org/fhir/us/davinci-pdex/CodeSystem/NdhAssociatedServersTypeCS</code> defines the following codes:</p><table class=\"codes\"><tr><td style=\"white-space:nowrap\"><b>Code</b></td><td><b>Display</b></td><td><b>Definition</b></td></tr><tr><td style=\"white-space:nowrap\">proxy-server<a name=\"NdhAssociatedServersTypeCS-proxy-server\"> </a></td><td>Proxy Server</td><td>Proxy Server</td></tr><tr><td style=\"white-space:nowrap\">indentity-provider-server<a name=\"NdhAssociatedServersTypeCS-indentity-provider-server\"> </a></td><td>Identity Provider Server</td><td>Identity Provider Server</td></tr><tr><td style=\"white-space:nowrap\">record-locator-service-server<a name=\"NdhAssociatedServersTypeCS-record-locator-service-server\"> </a></td><td>Record Locator Service Server</td><td>Record Locator Service Server</td></tr><tr><td style=\"white-space:nowrap\">master-patient-index-server<a name=\"NdhAssociatedServersTypeCS-master-patient-index-server\"> </a></td><td>Master Patient Index (MPI) Server</td><td>Master Patient Index (MPI) Server</td></tr><tr><td style=\"white-space:nowrap\">authorization-authentication-server<a name=\"NdhAssociatedServersTypeCS-authorization-authentication-server\"> </a></td><td>Authorization/Authentication Server</td><td>Authorization/Authentication Server</td></tr><tr><td style=\"white-space:nowrap\">authorization-registration-server<a name=\"NdhAssociatedServersTypeCS-authorization-registration-server\"> </a></td><td>Authorization/Registration Server</td><td>Authorization/Registration Server</td></tr></table></div>"},"extension":[{"url":"http://hl7.org/fhir/StructureDefinition/structuredefinition-wg","valueCode":"fm"}],"url":"http://hl7.org/fhir/us/davinci-pdex/CodeSystem/NdhAssociatedServersTypeCS","version":"2.0.0","name":"NdhAssociatedServersTypeCS","title":"NDH Associated Servers Type Code System","status":"draft","experimental":false,"date":"2024-01-03T08:27:17-05:00","publisher":"HL7 International / Financial Management","contact":[{"name":"HL7 International / Financial Management","telecom":[{"system":"url","value":"http://www.hl7.org/Special/committees/fm"},{"system":"email","value":"fm@lists.HL7.org"}]},{"name":"Mark Scrimshire (mark.scrimshire@onyxhealth.io)","telecom":[{"system":"email","value":"mailto:mark.scrimshire@onyxhealth.io"}]},{"name":"HL7 International - Financial Management","telecom":[{"system":"url","value":"http://www.hl7.org/Special/committees/fm"}]}],"description":"NDH Associated Servers Type","jurisdiction":[{"coding":[{"system":"urn:iso:std:iso:3166","code":"US","display":"United States of America"}]}],"caseSensitive":true,"content":"complete","count":6,"concept":[{"code":"proxy-server","display":"Proxy Server","definition":"Proxy Server"},{"code":"indentity-provider-server","display":"Identity Provider Server","definition":"Identity Provider Server"},{"code":"record-locator-service-server","display":"Record Locator Service Server","definition":"Record Locator Service Server"},{"code":"master-patient-index-server","display":"Master Patient Index (MPI) Server","definition":"Master Patient Index (MPI) Server"},{"code":"authorization-authentication-server","display":"Authorization/Authentication Server","definition":"Authorization/Authentication Server"},{"code":"authorization-registration-server","display":"Authorization/Registration Server","definition":"Authorization/Registration Server"}]}