{"resourceType":"CodeSystem","id":"ProvenancePayerDataSource","text":{"status":"generated","div":"<div xmlns=\"http://www.w3.org/1999/xhtml\"><p>This code system http://hl7.org/fhir/us/davinci-pdex/CodeSystem/ProvenancePayerDataSource defines the following codes:</p><table class=\"codes\"><tr><td style=\"white-space:nowrap\"><b>Code</b></td><td><b>Display</b></td><td><b>Definition</b></td></tr><tr><td style=\"white-space:nowrap\">hl7v2other<a name=\"ProvenancePayerDataSource-hl7v2other\"> </a></td><td>HL7 v2</td><td>HL7 v2 Message</td></tr><tr><td style=\"white-space:nowrap\">hl7v2oru<a name=\"ProvenancePayerDataSource-hl7v2oru\"> </a></td><td>HL7 v2 ORU</td><td>HL7 v2 Structured Observation Report(ORU) message</td></tr><tr><td style=\"white-space:nowrap\">hl7v2adt<a name=\"ProvenancePayerDataSource-hl7v2adt\"> </a></td><td>HL7 v2 ADT</td><td>HL7 v2 Admit, Discharge Transfer (ADT) message</td></tr><tr><td style=\"white-space:nowrap\">hl7v2ro1<a name=\"ProvenancePayerDataSource-hl7v2ro1\"> </a></td><td>HL7 v2 RO1</td><td>HL7 v2 Observation (R01) message</td></tr><tr><td style=\"white-space:nowrap\">hl7v2qbp<a name=\"ProvenancePayerDataSource-hl7v2qbp\"> </a></td><td>HL7 v2 QBP</td><td>HL7 V2 Immunization Record</td></tr><tr><td style=\"white-space:nowrap\">hl7v2orm<a name=\"ProvenancePayerDataSource-hl7v2orm\"> </a></td><td>HL7 v2 ORM</td><td>HL7 v2 Orders</td></tr><tr><td style=\"white-space:nowrap\">hl7v2mdm<a name=\"ProvenancePayerDataSource-hl7v2mdm\"> </a></td><td>HL7 v2 MDM</td><td>Medical Document Management</td></tr><tr><td style=\"white-space:nowrap\">hl7v2vxu<a name=\"ProvenancePayerDataSource-hl7v2vxu\"> </a></td><td>HL7 v2 VXU</td><td>HL7 V2 Immunization Transaction</td></tr><tr><td style=\"white-space:nowrap\">hl7v3<a name=\"ProvenancePayerDataSource-hl7v3\"> </a></td><td>HL7 v3</td><td>HL7 v3 Message</td></tr><tr><td style=\"white-space:nowrap\">hl7ccda<a name=\"ProvenancePayerDataSource-hl7ccda\"> </a></td><td>HL7 C-CDA</td><td>HL7 Consolidated-Clinical Document Architecture</td></tr><tr><td style=\"white-space:nowrap\">hl7cda<a name=\"ProvenancePayerDataSource-hl7cda\"> </a></td><td>HL7 CDA</td><td>HL7 CDA documents that are not C-CDA</td></tr><tr><td style=\"white-space:nowrap\">hl7cdaqrda<a name=\"ProvenancePayerDataSource-hl7cdaqrda\"> </a></td><td>HL7 CDA QRDA</td><td>HL7 Quality Reporting Document</td></tr><tr><td style=\"white-space:nowrap\">hl7fhirdstu2<a name=\"ProvenancePayerDataSource-hl7fhirdstu2\"> </a></td><td>FHIR DSTU2</td><td>HL7 FHIR DSTU2</td></tr><tr><td style=\"white-space:nowrap\">hl7fhirdstu3<a name=\"ProvenancePayerDataSource-hl7fhirdstu3\"> </a></td><td>FHIR STU3</td><td>HL7 FHIR STU3</td></tr><tr><td style=\"white-space:nowrap\">hl7fhirr4<a name=\"ProvenancePayerDataSource-hl7fhirr4\"> </a></td><td>FHIR R4</td><td>HL7 FHIR R4</td></tr><tr><td style=\"white-space:nowrap\">x12837<a name=\"ProvenancePayerDataSource-x12837\"> </a></td><td>837 claim</td><td>X12 837 Claim</td></tr><tr><td style=\"white-space:nowrap\">x12278<a name=\"ProvenancePayerDataSource-x12278\"> </a></td><td>278</td><td>X12 Prior Authorization</td></tr><tr><td style=\"white-space:nowrap\">x12275<a name=\"ProvenancePayerDataSource-x12275\"> </a></td><td>275</td><td>X12 Attachment</td></tr><tr><td style=\"white-space:nowrap\">x12other<a name=\"ProvenancePayerDataSource-x12other\"> </a></td><td>X12</td><td>X12 non-specific transaction</td></tr><tr><td style=\"white-space:nowrap\">ncpdp<a name=\"ProvenancePayerDataSource-ncpdp\"> </a></td><td>NCPDP</td><td>N.C.P.D.P.</td></tr><tr><td style=\"white-space:nowrap\">custom<a name=\"ProvenancePayerDataSource-custom\"> </a></td><td>Custom Format</td><td>Non-standard input format. e.g. CSV file, fax, etc.</td></tr></table></div>"},"url":"http://hl7.org/fhir/us/davinci-pdex/CodeSystem/ProvenancePayerDataSource","version":"0.1.14","name":"ProvenancePayerDataSource","title":"Provenance Payer Conversion Source Format","status":"active","date":"2020-08-18T18:16:43-04:00","contact":[{"name":"Mark Scrimshire (mark.scrimshire@onyxhealth.io)","telecom":[{"system":"email","value":"mailto:mark@ekivemark.com"}]},{"name":"HL7 International - Financial Management","telecom":[{"system":"url","value":"http://www.hl7.org/Special/committees/fm"}]}],"description":"CodeSystem for source format standards","jurisdiction":[{"coding":[{"system":"urn:iso:std:iso:3166","code":"US"}]}],"content":"complete","count":21,"concept":[{"code":"hl7v2other","display":"HL7 v2","definition":"HL7 v2 Message"},{"code":"hl7v2oru","display":"HL7 v2 ORU","definition":"HL7 v2 Structured Observation Report(ORU) message"},{"code":"hl7v2adt","display":"HL7 v2 ADT","definition":"HL7 v2 Admit, Discharge Transfer (ADT) message"},{"code":"hl7v2ro1","display":"HL7 v2 RO1","definition":"HL7 v2 Observation (R01) message"},{"code":"hl7v2qbp","display":"HL7 v2 QBP","definition":"HL7 V2 Immunization Record"},{"code":"hl7v2orm","display":"HL7 v2 ORM","definition":"HL7 v2 Orders"},{"code":"hl7v2mdm","display":"HL7 v2 MDM","definition":"Medical Document Management"},{"code":"hl7v2vxu","display":"HL7 v2 VXU","definition":"HL7 V2 Immunization Transaction"},{"code":"hl7v3","display":"HL7 v3","definition":"HL7 v3 Message"},{"code":"hl7ccda","display":"HL7 C-CDA","definition":"HL7 Consolidated-Clinical Document Architecture"},{"code":"hl7cda","display":"HL7 CDA","definition":"HL7 CDA documents that are not C-CDA"},{"code":"hl7cdaqrda","display":"HL7 CDA QRDA","definition":"HL7 Quality Reporting Document"},{"code":"hl7fhirdstu2","display":"FHIR DSTU2","definition":"HL7 FHIR DSTU2"},{"code":"hl7fhirdstu3","display":"FHIR STU3","definition":"HL7 FHIR STU3"},{"code":"hl7fhirr4","display":"FHIR R4","definition":"HL7 FHIR R4"},{"code":"x12837","display":"837 claim","definition":"X12 837 Claim"},{"code":"x12278","display":"278","definition":"X12 Prior Authorization"},{"code":"x12275","display":"275","definition":"X12 Attachment"},{"code":"x12other","display":"X12","definition":"X12 non-specific transaction"},{"code":"ncpdp","display":"NCPDP","definition":"N.C.P.D.P."},{"code":"custom","display":"Custom Format","definition":"Non-standard input format. e.g. CSV file, fax, etc."}]}