{"resourceType":"ImplementationGuide","id":"hl7.fhir.us.davinci-pdex","meta":{"versionId":"108","lastUpdated":"2020-04-09T19:25:46.105+00:00","source":"#gTbHJ3VjI1iOvaVy"},"text":{"status":"generated","div":"<div xmlns=\"http://www.w3.org/1999/xhtml\"><h2>DaVinciPayerDataExchange</h2><p>The official URL for this implementation guide is: </p><pre>http://hl7.org/fhir/us/davinci-pdex/ImplementationGuide/hl7.fhir.us.davinci-pdex</pre><div><p>&lt;p id=&quot;publish-box&quot;&gt;\nThis is a pre-release version (Ballot 1) of Payer Data exchange  (PDex) R1/STU. There is no current official version.\n&lt;/p&gt;</p>\n<p>This specification is currently undergoing ballot and connectathon testing. It is expected to evolve, possibly significantly, as part of that process.\nFeedback is welcome and may be submitted through the FHIR JIRA tracker indicating US Da Vinci PDex as the specification. If balloting on this IG, please submit your comments via the tracker and just reference them in your ballot submission implementation guide.</p>\n<p>This guide can be reviewed offline. Go to the Downloads section. Click on the link to download the full Implementation Guide as a zip file. Expand the zip file and use a web browser to launch the index.html file in the directory created by the zip extract process. External hyperlinks in the guide will not be available unless you have an active internet connection.</p>\n<p><a href=\"https://confluence.hl7.org/display/FM/Financial+Management+Home\">Financial Management</a> is the Sponsoring Work Group for this Implementation Guide.</p>\n<p><strong>The Payer Data Exchange (PDex) Implementation Guide (IG) is provided for Payers/Health Plans to enable them to create a Member's Health History using clinical resources (based on US Core Profiles based on FHIR R4) which can be understood by providers and, if they choose to, committed to their Electronic Medical Records (EMR) System.</strong></p>\n<p>The PDex work group has made changes to the original version of the IG following the publication of the final CMS Interoperability and Patient Access Rule.</p>\n<p>This IG uses the same Member Health History &quot;payload&quot; for member-authorized exchange of information with other Health Plans and with Third-Party Applications. It describes the interaction patterns that, when followed, allow the various parties involved in managing healthcare and payer data to more easily integrate and exchange data securely and effectively.</p>\n<p>This IG covers the exchange of:</p>\n<ul>\n<li>Claims-based information</li>\n<li>Clinical Information (such as Lab Results, Allergies and Conditions)</li>\n</ul>\n<p>This IG covers the exchange of this information using US Core and Da Vinci Health Record Exchange (HRex) Profiles. This superset of clinical profiles forms the Health Plan Member's Health History.</p>\n<p>This IG covers the exchange of a Member's Health History in the following scenarios:</p>\n<ul>\n<li>Provider requested Provider-Health Plan Exchange using CDS-Hooks and SMART-on-FHIR</li>\n<li>Member-authorized Health Plan to Health Plan exchange</li>\n<li>Member-authorized Health Plan to Third-Party Application exchange</li>\n</ul>\n<p>The latter two scenarios are provided to meet the requirements identified in the CMS Interoperability Notice for Proposed Rule Making issued on February 11, 2019.</p>\n<p><strong>There are items in this guide that are subject to update</strong>. This includes:</p>\n<ul>\n<li>Value Sets</li>\n<li>Vocabularies (X12, NUBC etc.)</li>\n<li>Examples</li>\n</ul>\n<p><strong>The Vocabulary, Value Sets and codings used to express data in this IG are subject to review and will be reconciled with</strong>  <a href=\"http://www.x12.org\">X12</a>.</p>\n<p>See the <a href=\"toc.html\">Table of Contents</a> for more information.</p>\n<h3>Latest Changes</h3>\n<ul>\n<li>(68-75) Apply Ballot Changes (FHIR-23404, FHIR-23403, FHIR-23397, FHIR-23392, FHIR-23378, FHIR-23375, FHIR-23372, FHIR-23368, FHIR-23366, FHIR-23364, FHIR-23354, FHIR-23348, FHIR-23346, FHIR-23218, FHIR-23400, FHIR-23399, FHIR-23398, FHIR-23390, FHIR-23388, FHIR-23386, FHIR-23382, FHIR-23380, FHIR-23356, FHIR-23334, FHIR-23310, FHIR-233291, FHIR-23285, FHIR-23279, FHIR-22819, FHIR-22821, FHIR-22858, FHIR-22860, FHIR-22861, FHIR-22862, FHIR-22863, FHIR-22865, FHIR-22876, FHIR-22877, FHIR-23139, FHIR-23141, FHIR-23145, FHIR-23191, FHIR-23189, FHIR-23206, FHIR-23208, FHIR-23210, FHIR-23212, FHIR-23224, FHIR-23228, FHIR-23234, FHIR-23236, FHIR-23238, FHIR-23172, FHIR-23193, FHIR-23195, FHIR-23197, FHIR-23199, FHIR-23242, FHIR-23244, FHIR-23246, FHIR-23248, FHIR-23250, FHIR-23252, FHIR-23256, FHIR-23308, FHIR-23384)</li>\n<li>(302) Apply Ballot Changes (FHIR-23254, FHIR-23287, FHIR-23262, FHIR-23266, FHIR-23260, FHIR-23158)</li>\n<li>(300) Apply Ballot Changes (FHIR-23374, FHIR-23302, FHIR-23283, FHIR-23281, FHIR-23277)</li>\n<li>(299) Apply Ballot Changes (FHIR-23151, FHIR-23155)</li>\n<li>(298) Apply Ballot Changes (FHIR-23330, FHIIR-23325, FHIR-23323, FHIR-23322, FHIR-23318, FHIR-23315 )</li>\n<li>(297) Fix Typos (FHIR-23172, FHIR-23170, FHIR-23168, FHIR-23137, FHIR-23135-Wrong IG )</li>\n<li>(295) Fix Typos (FHIR-23230, FHIR-23214, FHIR-23189, FHIR-23187, FHIR-23186, FHIR-23185, FHHIR-23184, FHIR-23182, FHIR-23178, FHIR-23176, FHIR-23174)</li>\n<li>(293) Fix Typos (FHIR-23394, FHIR-23362, FHIR-23328, FHIR-23324, FHIR-23321, FHIR-23317, FHIR-23316, FHIR-23303, FHIR-23274, FHIR-23272, FHIR-23270)</li>\n<li>(292) Apply Ballot Changes (FHIR-23402, FHIR-23413, FHIR-23401, FHIR-23396 )</li>\n<li>(290) Apply Ballot Changes (FHIR-23405 )</li>\n<li>(285) Support FHIR V4.1.0</li>\n<li>(284) Change US Core reference</li>\n</ul>\n</div></div>"},"url":"http://hl7.org/fhir/us/davinci-pdex/ImplementationGuide/hl7.fhir.us.davinci-pdex","version":"0.2.1","name":"DaVinciPayerDataExchange","title":"Da Vinci Payer Data exchange","status":"draft","date":"2020-04-09T19:27:23+00:00","publisher":"HL7 Da Vinci","contact":[{"name":"Mark Scrimshire (mark@ekivemark.com)","telecom":[{"system":"email","value":"mark@ekivemark.com"},{"system":"url","value":"https://www.newwave.io"}]},{"name":"HL7 International - Financial Management","telecom":[{"system":"url","value":"http://www.hl7.org/Special/committees/fm"}]}],"description":"<p id=\"publish-box\">\nThis is a pre-release version (Ballot 1) of Payer Data exchange  (PDex) R1/STU. There is no current official version.\n</p>\n\n\nThis specification is currently undergoing ballot and connectathon testing. It is expected to evolve, possibly significantly, as part of that process.\nFeedback is welcome and may be submitted through the FHIR JIRA tracker indicating US Da Vinci PDex as the specification. If balloting on this IG, please submit your comments via the tracker and just reference them in your ballot submission implementation guide.\n\nThis guide can be reviewed offline. Go to the Downloads section. Click on the link to download the full Implementation Guide as a zip file. Expand the zip file and use a web browser to launch the index.html file in the directory created by the zip extract process. External hyperlinks in the guide will not be available unless you have an active internet connection. \n\n[Financial Management](https://confluence.hl7.org/display/FM/Financial+Management+Home) is the Sponsoring Work Group for this Implementation Guide.\n\n**The Payer Data Exchange (PDex) Implementation Guide (IG) is provided for Payers/Health Plans to enable them to create a Member's Health History using clinical resources (based on US Core Profiles based on FHIR R4) which can be understood by providers and, if they choose to, committed to their Electronic Medical Records (EMR) System.**\n\nThe PDex work group has made changes to the original version of the IG following the publication of the final CMS Interoperability and Patient Access Rule.\n\nThis IG uses the same Member Health History \"payload\" for member-authorized exchange of information with other Health Plans and with Third-Party Applications. It describes the interaction patterns that, when followed, allow the various parties involved in managing healthcare and payer data to more easily integrate and exchange data securely and effectively.\n\nThis IG covers the exchange of:\n- Claims-based information\n- Clinical Information (such as Lab Results, Allergies and Conditions)\n\nThis IG covers the exchange of this information using US Core and Da Vinci Health Record Exchange (HRex) Profiles. This superset of clinical profiles forms the Health Plan Member's Health History. \n\nThis IG covers the exchange of a Member's Health History in the following scenarios:\n- Provider requested Provider-Health Plan Exchange using CDS-Hooks and SMART-on-FHIR\n- Member-authorized Health Plan to Health Plan exchange\n- Member-authorized Health Plan to Third-Party Application exchange\n\nThe latter two scenarios are provided to meet the requirements identified in the CMS Interoperability Notice for Proposed Rule Making issued on February 11, 2019.\n\n**There are items in this guide that are subject to update**. This includes:\n- Value Sets\n- Vocabularies (X12, NUBC etc.)\n- Examples\n\n**The Vocabulary, Value Sets and codings used to express data in this IG are subject to review and will be reconciled with**  [X12](http://www.x12.org).\n\nSee the [Table of Contents](toc.html) for more information.\n\n### Latest Changes\n- (68-75) Apply Ballot Changes (FHIR-23404, FHIR-23403, FHIR-23397, FHIR-23392, FHIR-23378, FHIR-23375, FHIR-23372, FHIR-23368, FHIR-23366, FHIR-23364, FHIR-23354, FHIR-23348, FHIR-23346, FHIR-23218, FHIR-23400, FHIR-23399, FHIR-23398, FHIR-23390, FHIR-23388, FHIR-23386, FHIR-23382, FHIR-23380, FHIR-23356, FHIR-23334, FHIR-23310, FHIR-233291, FHIR-23285, FHIR-23279, FHIR-22819, FHIR-22821, FHIR-22858, FHIR-22860, FHIR-22861, FHIR-22862, FHIR-22863, FHIR-22865, FHIR-22876, FHIR-22877, FHIR-23139, FHIR-23141, FHIR-23145, FHIR-23191, FHIR-23189, FHIR-23206, FHIR-23208, FHIR-23210, FHIR-23212, FHIR-23224, FHIR-23228, FHIR-23234, FHIR-23236, FHIR-23238, FHIR-23172, FHIR-23193, FHIR-23195, FHIR-23197, FHIR-23199, FHIR-23242, FHIR-23244, FHIR-23246, FHIR-23248, FHIR-23250, FHIR-23252, FHIR-23256, FHIR-23308, FHIR-23384)\n- (302) Apply Ballot Changes (FHIR-23254, FHIR-23287, FHIR-23262, FHIR-23266, FHIR-23260, FHIR-23158)\n- (300) Apply Ballot Changes (FHIR-23374, FHIR-23302, FHIR-23283, FHIR-23281, FHIR-23277)\n- (299) Apply Ballot Changes (FHIR-23151, FHIR-23155)\n- (298) Apply Ballot Changes (FHIR-23330, FHIIR-23325, FHIR-23323, FHIR-23322, FHIR-23318, FHIR-23315 )\n- (297) Fix Typos (FHIR-23172, FHIR-23170, FHIR-23168, FHIR-23137, FHIR-23135-Wrong IG )\n- (295) Fix Typos (FHIR-23230, FHIR-23214, FHIR-23189, FHIR-23187, FHIR-23186, FHIR-23185, FHHIR-23184, FHIR-23182, FHIR-23178, FHIR-23176, FHIR-23174)\n- (293) Fix Typos (FHIR-23394, FHIR-23362, FHIR-23328, FHIR-23324, FHIR-23321, FHIR-23317, FHIR-23316, FHIR-23303, FHIR-23274, FHIR-23272, FHIR-23270)\n- (292) Apply Ballot Changes (FHIR-23402, FHIR-23413, FHIR-23401, FHIR-23396 )\n- (290) Apply Ballot Changes (FHIR-23405 )\n- (285) Support FHIR V4.1.0\n- (284) Change US Core reference\n","packageId":"hl7.fhir.us.davinci-pdex","license":"CC0-1.0","fhirVersion":["4.0.1"],"dependsOn":[{"uri":"http://hl7.org/fhir/us/davinci-hrex/ImplementationGuide/davinci-hrex","packageId":"hl7.fhir.us.davinci-hrex","version":"current"},{"uri":"http://hl7.org/fhir/us/core/ImplementationGuide/hl7.fhir.us.core-3.0.0","packageId":"hl7.fhir.us.core","version":"current"}],"definition":{"extension":[{"extension":[{"url":"code","valueString":"copyrightyear"},{"url":"value","valueString":"2020+"}],"url":"http://hl7.org/fhir/tools/StructureDefinition/ig-parameter"},{"extension":[{"url":"code","valueString":"releaselabel"},{"url":"value","valueString":"CI Build"}],"url":"http://hl7.org/fhir/tools/StructureDefinition/ig-parameter"},{"extension":[{"url":"code","valueString":"path-liquid"},{"url":"value","valueString":"template/liquid"}],"url":"http://hl7.org/fhir/tools/StructureDefinition/ig-parameter"},{"extension":[{"url":"code","valueString":"path-liquid"},{"url":"value","valueString":"input/liquid"}],"url":"http://hl7.org/fhir/tools/StructureDefinition/ig-parameter"},{"extension":[{"url":"code","valueString":"path-qa"},{"url":"value","valueString":"temp/qa"}],"url":"http://hl7.org/fhir/tools/StructureDefinition/ig-parameter"},{"extension":[{"url":"code","valueString":"path-temp"},{"url":"value","valueString":"temp/pages"}],"url":"http://hl7.org/fhir/tools/StructureDefinition/ig-parameter"},{"extension":[{"url":"code","valueString":"path-output"},{"url":"value","valueString":"output"}],"url":"http://hl7.org/fhir/tools/StructureDefinition/ig-parameter"},{"extension":[{"url":"code","valueString":"path-suppressed-warnings"},{"url":"value","valueString":"input/ignoreWarnings.txt"}],"url":"http://hl7.org/fhir/tools/StructureDefinition/ig-parameter"},{"extension":[{"url":"code","valueString":"path-history"},{"url":"value","valueString":"http://hl7.org/fhir/us/davinci-pdex/history.html"}],"url":"http://hl7.org/fhir/tools/StructureDefinition/ig-parameter"},{"extension":[{"url":"code","valueString":"template-html"},{"url":"value","valueString":"template-page.html"}],"url":"http://hl7.org/fhir/tools/StructureDefinition/ig-parameter"},{"extension":[{"url":"code","valueString":"template-md"},{"url":"value","valueString":"template-page-md.html"}],"url":"http://hl7.org/fhir/tools/StructureDefinition/ig-parameter"},{"extension":[{"url":"code","valueString":"apply-contact"},{"url":"value","valueString":"true"}],"url":"http://hl7.org/fhir/tools/StructureDefinition/ig-parameter"},{"extension":[{"url":"code","valueString":"apply-context"},{"url":"value","valueString":"true"}],"url":"http://hl7.org/fhir/tools/StructureDefinition/ig-parameter"},{"extension":[{"url":"code","valueString":"apply-copyright"},{"url":"value","valueString":"true"}],"url":"http://hl7.org/fhir/tools/StructureDefinition/ig-parameter"},{"extension":[{"url":"code","valueString":"apply-jurisdiction"},{"url":"value","valueString":"true"}],"url":"http://hl7.org/fhir/tools/StructureDefinition/ig-parameter"},{"extension":[{"url":"code","valueString":"apply-license"},{"url":"value","valueString":"true"}],"url":"http://hl7.org/fhir/tools/StructureDefinition/ig-parameter"},{"extension":[{"url":"code","valueString":"apply-publisher"},{"url":"value","valueString":"true"}],"url":"http://hl7.org/fhir/tools/StructureDefinition/ig-parameter"},{"extension":[{"url":"code","valueString":"apply-version"},{"url":"value","valueString":"true"}],"url":"http://hl7.org/fhir/tools/StructureDefinition/ig-parameter"},{"extension":[{"url":"code","valueString":"active-tables"},{"url":"value","valueString":"true"}],"url":"http://hl7.org/fhir/tools/StructureDefinition/ig-parameter"}],"grouping":[{"id":"_str_profile","name":"Structures: Resource Profiles","description":"These define constraints on FHIR resources that need to be complied with by conformant implementations"}],"resource":[{"extension":[{"url":"http://hl7.org/fhir/StructureDefinition/implementationguide-page","valueUri":"StructureDefinition-pdex-medicationdispense.html"}],"reference":{"reference":"StructureDefinition/pdex-medicationdispense","display":"PDexMedicationDispense"},"name":"PDexMedicationDispense","description":"The MedicationDispense record identifies the prescription drug issued to a member and paid for under their Health Insurance Drug Plan.\n","exampleBoolean":false,"groupingId":"_str_profile"}],"page":{"nameUrl":"toc.html","title":"Table of Contents","generation":"html","page":[{"nameUrl":"index.html","title":"index","generation":"markdown"},{"nameUrl":"Overview.html","title":"Overview","generation":"markdown"},{"nameUrl":"Introduction.html","title":"Introduction","generation":"markdown","page":[{"nameUrl":"ImplementationGuideScope.html","title":"Implementation Guide Scope","generation":"markdown"},{"nameUrl":"MemberConsent.html","title":"Member Consent","generation":"markdown"},{"nameUrl":"FHIR.html","title":"FHIR","generation":"markdown"},{"nameUrl":"SupportingSpecifications.html","title":"Supporting Specifications","generation":"markdown"},{"nameUrl":"ImplementationAssumptions.html","title":"Implementation Assumptions","generation":"markdown"},{"nameUrl":"ImplementationHierarchyandPriorities.html","title":"Implementation Hierarchy and Priorities","generation":"markdown"},{"nameUrl":"PDexDataPayloads.html","title":"PDex Data Payloads","generation":"markdown"}]},{"nameUrl":"PDexImplementationActorsInteractionsDataPayloadsandMethods.html","title":"PDex Implementation Actors, Interactions, Data Payloads and Methods","generation":"markdown","page":[{"nameUrl":"Actors.html","title":"Actors","generation":"markdown"},{"nameUrl":"ExchangeInteractions.html","title":"Exchange Interactions","generation":"markdown"},{"nameUrl":"DataPayloads.html","title":"Data Payloads","generation":"markdown"},{"nameUrl":"InteractionMethods.html","title":"Interaction Methods","generation":"markdown"},{"nameUrl":"InteractionandPayloadMatrix.html","title":"Interaction and Payload Matrix","generation":"markdown"},{"nameUrl":"DataMapping.html","title":"Data Mapping","generation":"markdown","page":[{"nameUrl":"USCorePatient.html","title":"US Core Patient","generation":"markdown"},{"nameUrl":"Coverage.html","title":"Coverage","generation":"markdown"},{"nameUrl":"USCoreEncounter.html","title":"US Core Encounter","generation":"markdown"},{"nameUrl":"USCoreLocation.html","title":"US Core Location","generation":"markdown"},{"nameUrl":"MedicationDispense.html","title":"MedicationDispense","generation":"markdown"},{"nameUrl":"USCorePractitioner.html","title":"US Core Practitioner","generation":"markdown"},{"nameUrl":"USCoreProcedure.html","title":"US Core Procedure","generation":"markdown"},{"nameUrl":"USCoreCondition.html","title":"US Core Condition","generation":"markdown"},{"nameUrl":"USCoreAllergyIntolerance.html","title":"US Core AllergyIntolerance","generation":"markdown"},{"nameUrl":"USCoreImmunization.html","title":"US Core Immunization","generation":"markdown"},{"nameUrl":"USCoreDiagnosticReport.html","title":"US Core DiagnosticReport","generation":"markdown"},{"nameUrl":"USCoreObservation.html","title":"US Core Observation","generation":"markdown"},{"nameUrl":"USCoreDocumentReference.html","title":"US Core DocumentReference","generation":"markdown"},{"nameUrl":"USCorePractitionerRole.html","title":"US Core PractitionerRole","generation":"markdown"},{"nameUrl":"USCoreDevice.html","title":"US Core Device","generation":"markdown"},{"nameUrl":"USCoreOrganization.html","title":"US Core Organization","generation":"markdown"},{"nameUrl":"USCoreCarePlan.html","title":"US Core CarePlan","generation":"markdown"},{"nameUrl":"USCoreCareTeam.html","title":"US Core CareTeam","generation":"markdown"},{"nameUrl":"USCoreMedication.html","title":"US Core Medication","generation":"markdown"},{"nameUrl":"USCoreMedicationRequest.html","title":"US Core MedicationRequest","generation":"markdown"},{"nameUrl":"USCoreMedicationStatement.html","title":"US Core MedicationStatement","generation":"markdown"}]}]},{"nameUrl":"UseCaseScenarios.html","title":"Use Case Scenarios","generation":"markdown","page":[{"nameUrl":"PatientPersona.html","title":"Patient Persona","generation":"markdown"},{"nameUrl":"UsefulPatientHistoryforProviders.html","title":"Useful Patient History for Providers","generation":"markdown"}]},{"nameUrl":"Provider-controlledInformationRequestsandFiltering.html","title":"Provider-controlled Information Requests and Filtering","generation":"markdown"},{"nameUrl":"CDS-Hooks.html","title":"CDS-Hooks","generation":"markdown","page":[{"nameUrl":"SupportforFHIRR4.html","title":"Support for FHIR R4","generation":"markdown"},{"nameUrl":"AdditionalorModifiedHooks.html","title":"Additional or Modified Hooks","generation":"markdown"},{"nameUrl":"PDexHooks.html","title":"PDex Hooks","generation":"markdown"},{"nameUrl":"HookConfiguration.html","title":"Hook Configuration","generation":"markdown"},{"nameUrl":"Systems.html","title":"Systems","generation":"markdown"},{"nameUrl":"WorkflowExamples.html","title":"Workflow Examples","generation":"markdown","page":[{"nameUrl":"FirstVisitwithNewProvider.html","title":"First Visit with New Provider","generation":"markdown"},{"nameUrl":"ReturnVisitwithProvider.html","title":"Return Visit with Provider","generation":"markdown"},{"nameUrl":"FHIRProfilesandCDSHooksContext.html","title":"FHIR Profiles and CDS Hooks Context","generation":"markdown"}]},{"nameUrl":"HandlingDataProvenance.html","title":"Handling Data Provenance","generation":"markdown"}]},{"nameUrl":"Member-AuthorizedOAuth2Exchange.html","title":"Member-Authorized OAuth2 Exchange","generation":"markdown"},{"nameUrl":"Credits.html","title":"Credits","generation":"markdown","page":[{"nameUrl":"Terminology.html","title":"Terminology","generation":"markdown"}]},{"nameUrl":"artifacts.html","title":"Artifacts Summary","generation":"html","page":[{"nameUrl":"StructureDefinition-pdex-medicationdispense.html","title":"PDexMedicationDispense","generation":"generated"}]}]},"parameter":[{"code":"path-resource","value":"input/capabilities"},{"code":"path-resource","value":"input/examples"},{"code":"path-resource","value":"input/extensions"},{"code":"path-resource","value":"input/models"},{"code":"path-resource","value":"input/operations"},{"code":"path-resource","value":"input/profiles"},{"code":"path-resource","value":"input/resources"},{"code":"path-resource","value":"input/vocabulary"},{"code":"path-resource","value":"input/maps"},{"code":"path-pages","value":"template/config"},{"code":"path-pages","value":"input/images"},{"code":"path-tx-cache","value":"input-cache/txcache"}]}}