{"resourceType":"ImplementationGuide","id":"hl7.fhir.us.davinci-pdex-0.0.9.207","meta":{"versionId":"209","lastUpdated":"2019-06-06T01:26:21.000-04:00","security":[{"system":"https://trifolia-fhir.lantanagroup.com/security","code":"everyone^write"},{"system":"https://trifolia-fhir.lantanagroup.com/security","code":"everyone^read"}]},"text":{"status":"generated","div":"<div xmlns=\"http://www.w3.org/1999/xhtml\"><h2>DaVinciPayerDataExchange</h2><p>The official URL for this implementation guide is: </p><pre>http://hl7.org/fhir/us/davinci-pdex/ImplementationGuide/davinci-pdex</pre><div><p>This specification is currently undergoing ballot and connectathon testing. It is expected to evolve, possibly significantly, as part of that process.\nFeedback is welcome and may be submitted through the FHIR gForge tracker indicating US Da Vinci PDex as the specification. If balloting on this IG, please submit your comments via the tracker and just reference them in your ballot submission implementation guide.</p>\n<p>The Payer Data Exchange (PDex) Implementation Guide (IG) covers the exchange of:</p>\n<ul>\n<li>Claims-based information</li>\n<li>Clinical Information (such as Lab Results, Allergies and Conditions)</li>\n</ul>\n<p>The IG covers the exchange of this information using US Core and Da Vinci Health Record Exchange (HRex) Profiles. This superset of clinical profiles forms the Health Plan Member's Health History.</p>\n<p>This IG covers the exchange of a Member's Health History in the following scenarios:</p>\n<ul>\n<li>Provider requested Provider-Health Plan Exchange using CDS-Hooks and SMART-on-FHIR</li>\n<li>Member-authorized Health Plan to Health Plan exchange</li>\n<li>Member-authorized Health Plan to Third-Party Application exchange</li>\n</ul>\n<p>The latter two scenarios are provided to meet the requirements identified in the CMS Interoperability Notice for Proposed Rule Making issued on February 11, 2019.</p>\n<p><strong>There are items in this guide that are subject to update</strong>. This includes:</p>\n<ul>\n<li>Value Sets</li>\n<li>Vocabularies (X12, NUBC etc.)</li>\n<li>Examples</li>\n</ul>\n<p><strong>The Vocabulary, Value Sets and codings used to express data in this IG are subject to review and will be reconciled with</strong>  <a href=\"http://www.x12.org\">X12</a>.</p>\n<p>See the <a href=\"toc.html\">Table of Contents</a> for more information.</p>\n<h4>Latest Changes</h4>\n<ul>\n<li>(207) Data mapping updates.</li>\n<li>(204) Image updates. Minor changes through 3-5.</li>\n<li>(200) Added to section 7. Updated OAuth2.0 Member-authorized exchange diagram</li>\n<li>(191) testing build issues</li>\n<li>(186) Items to be resolved. Update Home Page</li>\n<li>(184) Raise OAuth2.0 to higher level in IG</li>\n<li>(181) Add section on mapping of IDs in bundles (section 3-6)</li>\n<li>(180) Update diagrams. Add SMART-on-FHIR flow diagram. Add Oauth2.0+FHIR flow diagram.</li>\n<li>(174) Add use of NDJson Bulk FHIR format to Patient-everything.</li>\n<li>(173) Member Health History reference in Payloads section</li>\n<li>(172) Minor changes to Encounter table of US Core Essential fields.</li>\n<li>(171) Add example of ADT to FHIR conversion.</li>\n<li>(170) Remove Patient/$everything support. Retain Patient/[ID]/$everything.</li>\n<li>(168) Refine Patient-everything operation details: section 3-4-3. Update Credits section</li>\n<li>(167) Add image of transformation flows to Overview section</li>\n<li>(163) Add information on minimum fields to be supplied for clinical resources. Added sub-sections to 3-6 Data Mapping</li>\n</ul>\n</div></div>"},"url":"http://hl7.org/fhir/us/davinci-pdex/ImplementationGuide/davinci-pdex","version":"0.0.9.207","name":"DaVinciPayerDataExchange","title":"Da Vinci Payer Data exchange","status":"draft","publisher":"HL7 Da Vinci","contact":[{"name":"Mark Scrimshire (mark@ekivemark.com)"}],"description":"This specification is currently undergoing ballot and connectathon testing. It is expected to evolve, possibly significantly, as part of that process.\nFeedback is welcome and may be submitted through the FHIR gForge tracker indicating US Da Vinci PDex as the specification. If balloting on this IG, please submit your comments via the tracker and just reference them in your ballot submission implementation guide.\n\nThe Payer Data Exchange (PDex) Implementation Guide (IG) covers the exchange of:\n- Claims-based information\n- Clinical Information (such as Lab Results, Allergies and Conditions)\n\nThe IG covers the exchange of this information using US Core and Da Vinci Health Record Exchange (HRex) Profiles. This superset of clinical profiles forms the Health Plan Member's Health History. \n\nThis IG covers the exchange of a Member's Health History in the following scenarios:\n- Provider requested Provider-Health Plan Exchange using CDS-Hooks and SMART-on-FHIR\n- Member-authorized Health Plan to Health Plan exchange\n- Member-authorized Health Plan to Third-Party Application exchange\n\nThe latter two scenarios are provided to meet the requirements identified in the CMS Interoperability Notice for Proposed Rule Making issued on February 11, 2019.\n\n**There are items in this guide that are subject to update**. This includes:\n- Value Sets\n- Vocabularies (X12, NUBC etc.)\n- Examples\n\n**The Vocabulary, Value Sets and codings used to express data in this IG are subject to review and will be reconciled with**  [X12](http://www.x12.org).\n\nSee the [Table of Contents](toc.html) for more information.\n\n#### Latest Changes\n- (207) Data mapping updates.\n- (204) Image updates. Minor changes through 3-5.\n- (200) Added to section 7. Updated OAuth2.0 Member-authorized exchange diagram\n- (191) testing build issues\n- (186) Items to be resolved. Update Home Page\n- (184) Raise OAuth2.0 to higher level in IG\n- (181) Add section on mapping of IDs in bundles (section 3-6)\n- (180) Update diagrams. Add SMART-on-FHIR flow diagram. Add Oauth2.0+FHIR flow diagram.\n- (174) Add use of NDJson Bulk FHIR format to Patient-everything. \n- (173) Member Health History reference in Payloads section\n- (172) Minor changes to Encounter table of US Core Essential fields.\n- (171) Add example of ADT to FHIR conversion.\n- (170) Remove Patient/$everything support. Retain Patient/[ID]/$everything.\n- (168) Refine Patient-everything operation details: section 3-4-3. Update Credits section\n- (167) Add image of transformation flows to Overview section\n- (163) Add information on minimum fields to be supplied for clinical resources. Added sub-sections to 3-6 Data Mapping\n\n","packageId":"hl7.fhir.us.davinci-pdex","license":"CC0-1.0","fhirVersion":["4.0.0"],"dependsOn":[{"uri":"http://hl7.org/fhir/us/davinci-hrex/ImplementationGuide/davinci-hrex","packageId":"hl7.fhir.us.davinci-hrex","version":"current"},{"uri":"http://hl7.org/fhir/us/core-r4/ImplementationGuide/ig","packageId":"hl7.fhir.us.core.r4","version":"current"}],"definition":{"page":{"nameUrl":"toc.md","title":"Table of Contents","generation":"generated","page":[{"nameUrl":"1_Home_Page.html","title":"1 Home Page","generation":"markdown","page":[{"nameUrl":"1-1_Overview.html","title":"1-1 Overview","generation":"markdown"},{"nameUrl":"1-2_Conventions.html","title":"1-2 Conventions","generation":"markdown"}]},{"nameUrl":"2_Introduction.html","title":"2 Introduction","generation":"markdown","page":[{"nameUrl":"2-1_Implementation_Guide_Scope.html","title":"2-1 Implementation Guide Scope","generation":"markdown"},{"nameUrl":"2-2_Member_Consent.html","title":"2-2 Member Consent","generation":"markdown"},{"nameUrl":"2-3_FHIR.html","title":"2-3 FHIR","generation":"markdown"},{"nameUrl":"2-4_Supporting_Specifications.html","title":"2-4 Supporting Specifications","generation":"markdown"},{"nameUrl":"2-5_Implementation_Assumptions.html","title":"2-5 Implementation Assumptions","generation":"markdown"},{"nameUrl":"2-6_Implementation_Hierarchy_and_Priorities.html","title":"2-6 Implementation Hierarchy and Priorities","generation":"markdown"},{"nameUrl":"2-7_PDex_Data_Payloads.html","title":"2-7 PDex Data Payloads","generation":"markdown"}]},{"nameUrl":"3_PDex_Implementation_Actors,_Interactions,_Data_Payloads_and_Methods.html","title":"3 PDex Implementation Actors, Interactions, Data Payloads and Methods","generation":"markdown","page":[{"nameUrl":"3-1_Actors.html","title":"3-1 Actors","generation":"markdown"},{"nameUrl":"3-2_Exchange_Interactions.html","title":"3-2 Exchange Interactions","generation":"markdown"},{"nameUrl":"3-3_Data_Payloads.html","title":"3-3 Data Payloads","generation":"markdown"},{"nameUrl":"3-4_Interaction_Methods.html","title":"3-4 Interaction Methods","generation":"markdown"},{"nameUrl":"3-5_Interaction_and_Payload_Matrix.html","title":"3-5 Interaction and Payload Matrix","generation":"markdown"},{"nameUrl":"3-6_Data_Mapping.html","title":"3-6 Data Mapping","generation":"markdown","page":[{"nameUrl":"3-6-1_US_Core_Patient.html","title":"3-6-1 US Core Patient","generation":"markdown"},{"nameUrl":"3-6-2_Coverage.html","title":"3-6-2 Coverage","generation":"markdown"},{"nameUrl":"3-6-3_US_Core_Encounter.html","title":"3-6-3 US Core Encounter","generation":"markdown"},{"nameUrl":"3-6-4_US_Core_Location.html","title":"3-6-4 US Core Location","generation":"markdown"},{"nameUrl":"3-6-5_MedicationDispense.html","title":"3-6-5 MedicationDispense","generation":"markdown"},{"nameUrl":"3-6-6_US_Core_Practitioner.html","title":"3-6-6 US Core Practitioner","generation":"markdown"},{"nameUrl":"3-6-7_US_Core_Procedure.html","title":"3-6-7 US Core Procedure","generation":"markdown"},{"nameUrl":"3-6-8_US_Core_Condition.html","title":"3-6-8 US Core Condition","generation":"markdown"},{"nameUrl":"3-6-9_US_Core_AllergyIntolerance.html","title":"3-6-9 US Core AllergyIntolerance","generation":"markdown"},{"nameUrl":"3-6-10_US_Core_Immunization.html","title":"3-6-10 US Core Immunization","generation":"markdown"},{"nameUrl":"3-6-11_US_Core_DiagnosticReport.html","title":"3-6-11 US Core DiagnosticReport","generation":"markdown"},{"nameUrl":"3-6-12_US_Core_Observation.html","title":"3-6-12 US Core Observation","generation":"markdown"},{"nameUrl":"3-6-13_US_Core_DocumentReference.html","title":"3-6-13 US Core DocumentReference","generation":"markdown"}]}]},{"nameUrl":"4_Use_Case_Scenarios.html","title":"4 Use Case Scenarios","generation":"markdown","page":[{"nameUrl":"4-1_Patient_Persona.html","title":"4-1 Patient Persona","generation":"markdown"},{"nameUrl":"4-2_Useful_Patient_History_for_Providers.html","title":"4-2 Useful Patient History for Providers","generation":"markdown"}]},{"nameUrl":"5_Provider-controlled_Information_Requests_and_Filtering.html","title":"5 Provider-controlled Information Requests and Filtering","generation":"markdown"},{"nameUrl":"6_CDS-Hooks.html","title":"6 CDS-Hooks","generation":"markdown","page":[{"nameUrl":"6-1_Support_for_FHIR_R4.html","title":"6-1 Support for FHIR R4","generation":"markdown"},{"nameUrl":"6-2_Additional_or_Modified_Hooks.html","title":"6-2 Additional or Modified Hooks","generation":"markdown"},{"nameUrl":"6-3_PDex_Hooks.html","title":"6-3 PDex Hooks","generation":"markdown"},{"nameUrl":"6-4_Hook_Configuration.html","title":"6-4 Hook Configuration","generation":"markdown"},{"nameUrl":"6-5_Systems.html","title":"6-5 Systems","generation":"markdown"},{"nameUrl":"6-6_Workflow_Examples.html","title":"6-6 Workflow Examples","generation":"markdown","page":[{"nameUrl":"6-6-1_First_Visit_with_New_Provider.html","title":"6-6-1 First Visit with New Provider","generation":"markdown"},{"nameUrl":"6-6-2_Return_Visit_with_Provider.html","title":"6-6-2 Return Visit with Provider","generation":"markdown"},{"nameUrl":"6-6-3_FHIR_Profiles_and_CDS_Hooks_Context.html","title":"6-6-3 FHIR Profiles and CDS Hooks Context","generation":"markdown"}]},{"nameUrl":"6-7_Handling_Data_Provenance.html","title":"6-7 Handling Data Provenance","generation":"markdown"}]},{"nameUrl":"7_Member-Authorized_OAuth2_Exchange.html","title":"7 Member-Authorized OAuth2 Exchange","generation":"markdown"},{"nameUrl":"8_Credits.html","title":"8 Credits","generation":"markdown"}]}}}