{"resourceType":"ValueSet","id":"EndpointAccessControlMechanismVS","text":{"status":"generated","div":"<div xmlns=\"http://www.w3.org/1999/xhtml\"><ul><li>Include all codes defined in <a href=\"CodeSystem-EndpointAccessControlMechanismCS.html\"><code>http://hl7.org/fhir/us/davinci-pdex/CodeSystem/EndpointAccessControlMechanismCS</code></a></li></ul></div>"},"extension":[{"url":"http://hl7.org/fhir/StructureDefinition/structuredefinition-wg","valueCode":"fm"}],"url":"http://hl7.org/fhir/us/davinci-pdex/ValueSet/EndpointAccessControlMechanismVS","version":"2.0.0","name":"EndpointAccessControlMechanismVS","title":"Endpoint Access Control Mechanism Value Set","status":"draft","experimental":false,"date":"2024-01-04T13:45:55-05:00","publisher":"HL7 International / Financial Management","contact":[{"name":"HL7 International / Financial Management","telecom":[{"system":"url","value":"http://www.hl7.org/Special/committees/fm"},{"system":"email","value":"fm@lists.HL7.org"}]},{"name":"Mark Scrimshire (mark.scrimshire@onyxhealth.io)","telecom":[{"system":"email","value":"mailto:mark.scrimshire@onyxhealth.io"}]},{"name":"HL7 International - Financial Management","telecom":[{"system":"url","value":"http://www.hl7.org/Special/committees/fm"}]}],"description":"Codes for documenting access control mechanism","jurisdiction":[{"coding":[{"system":"urn:iso:std:iso:3166","code":"US","display":"United States of America"}]}],"compose":{"include":[{"system":"http://hl7.org/fhir/us/davinci-pdex/CodeSystem/EndpointAccessControlMechanismCS"}]}}