{"resourceType":"ValueSet","id":"EndpointConnectionTypeVS","text":{"status":"generated","div":"<div xmlns=\"http://www.w3.org/1999/xhtml\"><p>This value set includes codes based on the following rules:</p><ul><li>Include all codes defined in <a href=\"http://terminology.hl7.org/5.0.0/CodeSystem-endpoint-connection-type.html\"><code>http://terminology.hl7.org/CodeSystem/endpoint-connection-type</code></a></li><li>Include all codes defined in <a href=\"CodeSystem-EndpointConnectionTypeCS.html\"><code>http://hl7.org/fhir/us/davinci-pdex/CodeSystem/EndpointConnectionTypeCS</code></a></li><li>Include all codes defined in <a href=\"CodeSystem-EndpointHieSpecificConnectionTypeCS.html\"><code>http://hl7.org/fhir/us/davinci-pdex/CodeSystem/EndpointHieSpecificConnectionTypeCS</code></a></li></ul></div>"},"extension":[{"url":"http://hl7.org/fhir/StructureDefinition/structuredefinition-wg","valueCode":"fm"}],"url":"http://hl7.org/fhir/us/davinci-pdex/ValueSet/EndpointConnectionTypeVS","version":"2.0.0","name":"EndpointConnectionTypeVS","title":"Endpoint Connection Types Value Set","status":"draft","experimental":false,"date":"2024-01-04T18:04:41-05:00","publisher":"HL7 International / Financial Management","contact":[{"name":"HL7 International / Financial Management","telecom":[{"system":"url","value":"http://www.hl7.org/Special/committees/fm"},{"system":"email","value":"fm@lists.HL7.org"}]},{"name":"Mark Scrimshire (mark.scrimshire@onyxhealth.io)","telecom":[{"system":"email","value":"mailto:mark.scrimshire@onyxhealth.io"}]},{"name":"HL7 International - Financial Management","telecom":[{"system":"url","value":"http://www.hl7.org/Special/committees/fm"}]}],"description":"Endpoint Connection Types","jurisdiction":[{"coding":[{"system":"urn:iso:std:iso:3166","code":"US","display":"United States of America"}]}],"compose":{"include":[{"system":"http://terminology.hl7.org/CodeSystem/endpoint-connection-type"},{"system":"http://hl7.org/fhir/us/davinci-pdex/CodeSystem/EndpointConnectionTypeCS"},{"system":"http://hl7.org/fhir/us/davinci-pdex/CodeSystem/EndpointHieSpecificConnectionTypeCS"}]}}