{
  "resourceType" : "CodeSystem",
  "id" : "EndpointAccessControlMechanismCS",
  "text" : {
    "status" : "generated",
    "div" : "<div xmlns=\"http://www.w3.org/1999/xhtml\"><p>This case-sensitive code system <code>http://hl7.org/fhir/us/davinci-pdex/CodeSystem/EndpointAccessControlMechanismCS</code> defines the following codes:</p><table class=\"codes\"><tr><td style=\"white-space:nowrap\"><b>Code</b></td><td><b>Display</b></td><td><b>Definition</b></td></tr><tr><td style=\"white-space:nowrap\">public<a name=\"EndpointAccessControlMechanismCS-public\"> </a></td><td>Public</td><td>Public</td></tr><tr><td style=\"white-space:nowrap\">opaque-access-token<a name=\"EndpointAccessControlMechanismCS-opaque-access-token\"> </a></td><td>Opaque Access Token</td><td>Opaque Access Token</td></tr><tr><td style=\"white-space:nowrap\">jwt-access-token<a name=\"EndpointAccessControlMechanismCS-jwt-access-token\"> </a></td><td>JWT Access Token</td><td>JWT Access Token</td></tr><tr><td style=\"white-space:nowrap\">mutual-tls<a name=\"EndpointAccessControlMechanismCS-mutual-tls\"> </a></td><td>Mutual TLS</td><td>Mutual TLS</td></tr><tr><td style=\"white-space:nowrap\">wss-saml-token<a name=\"EndpointAccessControlMechanismCS-wss-saml-token\"> </a></td><td>WSS SAML Token</td><td>WSS SAML Token</td></tr><tr><td style=\"white-space:nowrap\">wss-username-token<a name=\"EndpointAccessControlMechanismCS-wss-username-token\"> </a></td><td>WSS User Name Token</td><td>WSS User Name Token</td></tr><tr><td style=\"white-space:nowrap\">wss-kerberos-token<a name=\"EndpointAccessControlMechanismCS-wss-kerberos-token\"> </a></td><td>WSS Kerberos Token</td><td>WSS Kerberos Token</td></tr><tr><td style=\"white-space:nowrap\">wss-x509-token<a name=\"EndpointAccessControlMechanismCS-wss-x509-token\"> </a></td><td>WSS X509 Token</td><td>WSS X509 Token</td></tr><tr><td style=\"white-space:nowrap\">wss-custom-token<a name=\"EndpointAccessControlMechanismCS-wss-custom-token\"> </a></td><td>WSS Custom Token</td><td>WSS Custom Token</td></tr></table></div>"
  },
  "extension" : [{
    "url" : "http://hl7.org/fhir/StructureDefinition/structuredefinition-wg",
    "valueCode" : "fm"
  }],
  "url" : "http://hl7.org/fhir/us/davinci-pdex/CodeSystem/EndpointAccessControlMechanismCS",
  "version" : "2.0.0",
  "name" : "EndpointAccessControlMechanismCS",
  "title" : "Endpoint Access Control Mechanism Code System",
  "status" : "draft",
  "experimental" : false,
  "date" : "2024-01-04T18:53:48-05:00",
  "publisher" : "HL7 International / Financial Management",
  "contact" : [{
    "name" : "HL7 International / Financial Management",
    "telecom" : [{
      "system" : "url",
      "value" : "http://www.hl7.org/Special/committees/fm"
    },
    {
      "system" : "email",
      "value" : "fm@lists.HL7.org"
    }]
  },
  {
    "name" : "Mark Scrimshire (mark.scrimshire@onyxhealth.io)",
    "telecom" : [{
      "system" : "email",
      "value" : "mailto:mark.scrimshire@onyxhealth.io"
    }]
  },
  {
    "name" : "HL7 International - Financial Management",
    "telecom" : [{
      "system" : "url",
      "value" : "http://www.hl7.org/Special/committees/fm"
    }]
  }],
  "description" : "Endpoint Access Control Mechanism",
  "jurisdiction" : [{
    "coding" : [{
      "system" : "urn:iso:std:iso:3166",
      "code" : "US",
      "display" : "United States of America"
    }]
  }],
  "caseSensitive" : true,
  "content" : "complete",
  "count" : 9,
  "concept" : [{
    "code" : "public",
    "display" : "Public",
    "definition" : "Public"
  },
  {
    "code" : "opaque-access-token",
    "display" : "Opaque Access Token",
    "definition" : "Opaque Access Token"
  },
  {
    "code" : "jwt-access-token",
    "display" : "JWT Access Token",
    "definition" : "JWT Access Token"
  },
  {
    "code" : "mutual-tls",
    "display" : "Mutual TLS",
    "definition" : "Mutual TLS"
  },
  {
    "code" : "wss-saml-token",
    "display" : "WSS SAML Token",
    "definition" : "WSS SAML Token"
  },
  {
    "code" : "wss-username-token",
    "display" : "WSS User Name Token",
    "definition" : "WSS User Name Token"
  },
  {
    "code" : "wss-kerberos-token",
    "display" : "WSS Kerberos Token",
    "definition" : "WSS Kerberos Token"
  },
  {
    "code" : "wss-x509-token",
    "display" : "WSS X509 Token",
    "definition" : "WSS X509 Token"
  },
  {
    "code" : "wss-custom-token",
    "display" : "WSS Custom Token",
    "definition" : "WSS Custom Token"
  }]
}