{
  "resourceType" : "CodeSystem",
  "id" : "EndpointPayloadTypeCS",
  "text" : {
    "status" : "generated",
    "div" : "<div xmlns=\"http://www.w3.org/1999/xhtml\"><p>This case-sensitive code system <code>http://hl7.org/fhir/us/davinci-pdex/CodeSystem/EndpointPayloadTypeCS</code> defines the following code:</p><table class=\"codes\"><tr><td style=\"white-space:nowrap\"><b>Code</b></td><td><b>Display</b></td><td><b>Definition</b></td></tr><tr><td style=\"white-space:nowrap\">NA<a name=\"EndpointPayloadTypeCS-NA\"> </a></td><td>Not Applicable</td><td>Not Applicable</td></tr></table></div>"
  },
  "extension" : [{
    "url" : "http://hl7.org/fhir/StructureDefinition/structuredefinition-wg",
    "valueCode" : "fm"
  }],
  "url" : "http://hl7.org/fhir/us/davinci-pdex/CodeSystem/EndpointPayloadTypeCS",
  "version" : "2.0.0",
  "name" : "EndpointPayloadTypeCS",
  "title" : "Endpoint Payload Types Code System",
  "status" : "draft",
  "experimental" : false,
  "date" : "2024-01-03T08:27:17-05:00",
  "publisher" : "HL7 International / Financial Management",
  "contact" : [{
    "name" : "HL7 International / Financial Management",
    "telecom" : [{
      "system" : "url",
      "value" : "http://www.hl7.org/Special/committees/fm"
    },
    {
      "system" : "email",
      "value" : "fm@lists.HL7.org"
    }]
  },
  {
    "name" : "Mark Scrimshire (mark.scrimshire@onyxhealth.io)",
    "telecom" : [{
      "system" : "email",
      "value" : "mailto:mark.scrimshire@onyxhealth.io"
    }]
  },
  {
    "name" : "HL7 International - Financial Management",
    "telecom" : [{
      "system" : "url",
      "value" : "http://www.hl7.org/Special/committees/fm"
    }]
  }],
  "description" : "Endpoint Payload Types are constrained to NA (Not Applicable) as part of this IG",
  "jurisdiction" : [{
    "coding" : [{
      "system" : "urn:iso:std:iso:3166",
      "code" : "US",
      "display" : "United States of America"
    }]
  }],
  "caseSensitive" : true,
  "content" : "complete",
  "count" : 1,
  "concept" : [{
    "code" : "NA",
    "display" : "Not Applicable",
    "definition" : "Not Applicable"
  }]
}