{
  "resourceType" : "CodeSystem",
  "id" : "NdhFhirEndpointUseCaseCS",
  "text" : {
    "status" : "generated",
    "div" : "<div xmlns=\"http://www.w3.org/1999/xhtml\"><p>This case-sensitive code system <code>http://hl7.org/fhir/us/davinci-pdex/CodeSystem/NdhFhirEndpointUseCaseCS</code> defines the following codes:</p><table class=\"codes\"><tr><td style=\"white-space:nowrap\"><b>Code</b></td><td><b>Display</b></td><td><b>Definition</b></td></tr><tr><td style=\"white-space:nowrap\">cdex<a name=\"NdhFhirEndpointUseCaseCS-cdex\"> </a></td><td>CDex</td><td>Clinical Data Exchange</td></tr><tr><td style=\"white-space:nowrap\">patientAccess<a name=\"NdhFhirEndpointUseCaseCS-patientAccess\"> </a></td><td>Patient Access</td><td>Patient Access</td></tr><tr><td style=\"white-space:nowrap\">pasOperation<a name=\"NdhFhirEndpointUseCaseCS-pasOperation\"> </a></td><td>PAS Operation</td><td>PAS Operation</td></tr><tr><td style=\"white-space:nowrap\">payerAttachment<a name=\"NdhFhirEndpointUseCaseCS-payerAttachment\"> </a></td><td>Payer Attachment</td><td>Payer Attachment</td></tr><tr><td style=\"white-space:nowrap\">payerToPayer<a name=\"NdhFhirEndpointUseCaseCS-payerToPayer\"> </a></td><td>Payer to Payer</td><td>Payer to Payer</td></tr><tr><td style=\"white-space:nowrap\">providerApi<a name=\"NdhFhirEndpointUseCaseCS-providerApi\"> </a></td><td>Provider API</td><td>Provider API</td></tr></table></div>"
  },
  "extension" : [{
    "url" : "http://hl7.org/fhir/StructureDefinition/structuredefinition-wg",
    "valueCode" : "fm"
  }],
  "url" : "http://hl7.org/fhir/us/davinci-pdex/CodeSystem/NdhFhirEndpointUseCaseCS",
  "version" : "2.0.0",
  "name" : "NdhFhirEndpointUseCaseCS",
  "title" : "NDH FHIR Endpoint Use Case Code System",
  "status" : "draft",
  "experimental" : false,
  "date" : "2024-01-03T08:27:17-05:00",
  "publisher" : "HL7 International / Financial Management",
  "contact" : [{
    "name" : "HL7 International / Financial Management",
    "telecom" : [{
      "system" : "url",
      "value" : "http://www.hl7.org/Special/committees/fm"
    },
    {
      "system" : "email",
      "value" : "fm@lists.HL7.org"
    }]
  },
  {
    "name" : "Mark Scrimshire (mark.scrimshire@onyxhealth.io)",
    "telecom" : [{
      "system" : "email",
      "value" : "mailto:mark.scrimshire@onyxhealth.io"
    }]
  },
  {
    "name" : "HL7 International - Financial Management",
    "telecom" : [{
      "system" : "url",
      "value" : "http://www.hl7.org/Special/committees/fm"
    }]
  }],
  "description" : "NDH FHIR Endpoint Use Case",
  "jurisdiction" : [{
    "coding" : [{
      "system" : "urn:iso:std:iso:3166",
      "code" : "US",
      "display" : "United States of America"
    }]
  }],
  "caseSensitive" : true,
  "content" : "complete",
  "count" : 6,
  "concept" : [{
    "code" : "cdex",
    "display" : "CDex",
    "definition" : "Clinical Data Exchange"
  },
  {
    "code" : "patientAccess",
    "display" : "Patient Access",
    "definition" : "Patient Access"
  },
  {
    "code" : "pasOperation",
    "display" : "PAS Operation",
    "definition" : "PAS Operation"
  },
  {
    "code" : "payerAttachment",
    "display" : "Payer Attachment",
    "definition" : "Payer Attachment"
  },
  {
    "code" : "payerToPayer",
    "display" : "Payer to Payer",
    "definition" : "Payer to Payer"
  },
  {
    "code" : "providerApi",
    "display" : "Provider API",
    "definition" : "Provider API"
  }]
}