{
  "resourceType" : "CodeSystem",
  "id" : "MtlsObjectCodeCS",
  "text" : {
    "status" : "generated",
    "div" : "<div xmlns=\"http://www.w3.org/1999/xhtml\"><p>This case-insensitive code system <code>http://hl7.org/fhir/us/davinci-pdex/CodeSystem/MtlsObjectCodeCS</code> defines the following code:</p><table class=\"codes\"><tr><td style=\"white-space:nowrap\"><b>Code</b></td><td><b>Display</b></td></tr><tr><td style=\"white-space:nowrap\">MTLS<a name=\"MtlsObjectCodeCS-MTLS\"> </a></td><td>mTLS signed Object</td></tr></table></div>"
  },
  "extension" : [{
    "url" : "http://hl7.org/fhir/StructureDefinition/structuredefinition-wg",
    "valueCode" : "fm"
  }],
  "url" : "http://hl7.org/fhir/us/davinci-pdex/CodeSystem/MtlsObjectCodeCS",
  "version" : "2.0.0",
  "name" : "MtlsObjectCodeCS",
  "title" : "mTLS Object Type Code",
  "status" : "draft",
  "experimental" : true,
  "date" : "2024-01-04T12:52:42-05:00",
  "publisher" : "HL7 International / Financial Management",
  "contact" : [{
    "name" : "HL7 International / Financial Management",
    "telecom" : [{
      "system" : "url",
      "value" : "http://www.hl7.org/Special/committees/fm"
    },
    {
      "system" : "email",
      "value" : "fm@lists.HL7.org"
    }]
  },
  {
    "name" : "Mark Scrimshire (mark.scrimshire@onyxhealth.io)",
    "telecom" : [{
      "system" : "email",
      "value" : "mailto:mark.scrimshire@onyxhealth.io"
    }]
  },
  {
    "name" : "HL7 International - Financial Management",
    "telecom" : [{
      "system" : "url",
      "value" : "http://www.hl7.org/Special/committees/fm"
    }]
  }],
  "description" : "Codes for the Signed Object Types",
  "jurisdiction" : [{
    "coding" : [{
      "system" : "urn:iso:std:iso:3166",
      "code" : "US",
      "display" : "United States of America"
    }]
  }],
  "caseSensitive" : false,
  "content" : "complete",
  "count" : 1,
  "concept" : [{
    "code" : "MTLS",
    "display" : "mTLS signed Object"
  }]
}