{
  "resourceType" : "Coverage",
  "id" : "Coverage1",
  "meta" : {
    "profile" : ["http://hl7.org/fhir/us/davinci-hrex/StructureDefinition/hrex-coverage"]
  },
  "text" : {
    "status" : "generated",
    "div" : "<div xmlns=\"http://www.w3.org/1999/xhtml\"><p><b>Generated Narrative: Coverage</b><a name=\"Coverage1\"> </a></p><div style=\"display: inline-block; background-color: #d9e0e7; padding: 6px; margin: 4px; border: 1px solid #8da1b4; border-radius: 5px; line-height: 60%\"><p style=\"margin-bottom: 0px\">Resource Coverage &quot;Coverage1&quot; </p><p style=\"margin-bottom: 0px\">Profile: <a href=\"http://hl7.org/fhir/us/davinci-hrex/STU1/StructureDefinition-hrex-coverage.html\">HRex Coverage Profile</a></p></div><p><b>identifier</b>: id:\u00a0234567</p><p><b>status</b>: active</p><p><b>beneficiary</b>: <a href=\"Patient-1.html\">Patient/1</a> &quot; APPLESEED&quot;</p><p><b>payor</b>: <a href=\"Organization-Payer1.html\">Organization/Payer1</a> &quot;Payer 1&quot;</p></div>"
  },
  "identifier" : [{
    "system" : "http://example.org/old-payer/identifiers/coverage",
    "value" : "234567"
  }],
  "status" : "active",
  "beneficiary" : {
    "reference" : "Patient/1"
  },
  "payor" : [{
    "reference" : "Organization/Payer1"
  }]
}