{
  "resourceType" : "ValueSet",
  "id" : "PDexAdjudicationCategoryDiscriminator",
  "text" : {
    "status" : "generated",
    "div" : "<div xmlns=\"http://www.w3.org/1999/xhtml\"><p>This value set includes codes based on the following rules:</p><ul><li>Import all the codes that are contained in <a href=\"ValueSet-PDexAdjudication.html\">PDex Adjudication</a></li><li>Import all the codes that are contained in <a href=\"ValueSet-PDexPayerBenefitPaymentStatus.html\">PDex Payer Benefit Payment Status</a></li><li>Include all codes defined in <a href=\"CodeSystem-PDexAdjudicationCS.html\"><code>http://hl7.org/fhir/us/davinci-pdex/CodeSystem/PDexAdjudicationCS</code></a></li></ul></div>"
  },
  "extension" : [{
    "url" : "http://hl7.org/fhir/StructureDefinition/structuredefinition-wg",
    "valueCode" : "fm"
  }],
  "url" : "http://hl7.org/fhir/us/davinci-pdex/ValueSet/PDexAdjudicationCategoryDiscriminator",
  "version" : "2.0.0",
  "name" : "PDexAdjudicationCategoryDiscriminator",
  "title" : "PDex Adjudication Category Discriminator",
  "status" : "draft",
  "experimental" : true,
  "date" : "2024-01-03T08:27:17-05:00",
  "publisher" : "HL7 International / Financial Management",
  "contact" : [{
    "name" : "HL7 International / Financial Management",
    "telecom" : [{
      "system" : "url",
      "value" : "http://www.hl7.org/Special/committees/fm"
    },
    {
      "system" : "email",
      "value" : "fm@lists.HL7.org"
    }]
  },
  {
    "name" : "Mark Scrimshire (mark.scrimshire@onyxhealth.io)",
    "telecom" : [{
      "system" : "email",
      "value" : "mailto:mark.scrimshire@onyxhealth.io"
    }]
  },
  {
    "name" : "HL7 International - Financial Management",
    "telecom" : [{
      "system" : "url",
      "value" : "http://www.hl7.org/Special/committees/fm"
    }]
  }],
  "description" : "Used as the discriminator for adjudication.category and item.adjudication.category for the PDex Prior Authorization.",
  "jurisdiction" : [{
    "coding" : [{
      "system" : "urn:iso:std:iso:3166",
      "code" : "US",
      "display" : "United States of America"
    }]
  }],
  "copyright" : "This Valueset is not copyrighted.",
  "compose" : {
    "include" : [{
      "valueSet" : ["http://hl7.org/fhir/us/davinci-pdex/ValueSet/PDexAdjudication"]
    },
    {
      "valueSet" : ["http://hl7.org/fhir/us/davinci-pdex/ValueSet/PDexPayerBenefitPaymentStatus"]
    },
    {
      "system" : "http://hl7.org/fhir/us/davinci-pdex/CodeSystem/PDexAdjudicationCS"
    }]
  }
}