{
  "resourceType": "ValueSet",
  "id": "ProvenancePayerSourceFormat",
  "text": {
    "status": "generated",
    "div": "<div xmlns=\"http://www.w3.org/1999/xhtml\"><ul><li>Include all codes defined in <a href=\"CodeSystem-ProvenancePayerDataSource.html\"><code>http://hl7.org/fhir/us/davinci-pdex/CodeSystem/ProvenancePayerDataSource</code></a></li></ul></div>"
  },
  "url": "http://hl7.org/fhir/us/davinci-pdex/ValueSet/ProvenancePayerSourceFormat",
  "version": "0.1.29",
  "name": "ProvenancePayerSourceFormat",
  "title": "Payer source of data",
  "status": "active",
  "date": "2020-11-13T17:22:01-05:00",
  "contact": [
    {
      "name": "Mark Scrimshire (mark.scrimshire@onyxhealth.io)",
      "telecom": [
        {
          "system": "email",
          "value": "mailto:mark@ekivemark.com0"
        }
      ]
    },
    {
      "name": "HL7 International - Financial Management",
      "telecom": [
        {
          "system": "url",
          "value": "http://www.hl7.org/Special/committees/fm"
        }
      ]
    }
  ],
  "description": "Source Data formats used as the source for FHIR referenced record by the Payer.",
  "jurisdiction": [
    {
      "coding": [
        {
          "system": "urn:iso:std:iso:3166",
          "code": "US"
        }
      ]
    }
  ],
  "compose": {
    "include": [
      {
        "system": "http://hl7.org/fhir/us/davinci-pdex/CodeSystem/ProvenancePayerDataSource"
      }
    ]
  }
}