{
  "resourceType": "ValueSet",
  "id": "FDANationalDrugCode",
  "text": {
    "status": "generated",
    "div": "<div xmlns=\"http://www.w3.org/1999/xhtml\"><ul><li>Include all codes defined in <a href=\"https://terminology.hl7.org/1.0.0//CodeSystem-v3-ndc.html\"><code>http://hl7.org/fhir/sid/ndc</code></a></li></ul></div>"
  },
  "url": "http://hl7.org/fhir/us/davinci-pdex/ValueSet/FDANationalDrugCode",
  "version": "0.1.25",
  "name": "FDANationalDrugCode",
  "title": "FDA National Drug Code (NDC)",
  "status": "active",
  "date": "2020-10-19T18:47:26-04:00",
  "contact": [
    {
      "name": "Mark Scrimshire (mark.scrimshire@onyxhealth.io)",
      "telecom": [
        {
          "system": "email",
          "value": "mailto:mark@ekivemark.com0"
        }
      ]
    },
    {
      "name": "HL7 International - Financial Management",
      "telecom": [
        {
          "system": "url",
          "value": "http://www.hl7.org/Special/committees/fm"
        }
      ]
    }
  ],
  "description": "FDA National Drug Code (NDC)",
  "jurisdiction": [
    {
      "coding": [
        {
          "system": "urn:iso:std:iso:3166",
          "code": "US"
        }
      ]
    }
  ],
  "compose": {
    "include": [
      {
        "system": "http://hl7.org/fhir/sid/ndc"
      }
    ]
  }
}